date,sym,company,close,volume,open,high,low
04/01/2025,ADD,Color Star Technology Co Ltd,0.7249,392109,0.6733,0.73,0.635
04/01/2025,AXON,Axon Enterprise Inc,541.2,509615,521.59,542.9849,520.19
04/01/2025,CEG,Constellation Energy Corporation,206.94,2863111,200.95,207.76,198.09
04/01/2025,HON,Honeywell International Inc,213.45,2563812,211.11,213.63,209.6804
04/01/2025,HSHIP,Himalaya Shipping Ltd,5.45,104627,5.48,5.52,5.4
04/01/2025,STLD,Steel Dynamics Inc,124,1217768,124.1,125.2,122.5
04/01/2025,TT,Trane Techologies plc,341.65,1244999,336.35,342.35,334.3
04/01/2025,WPM,Wheaton Precious Metals Corp,76.83,1853259,77.63,77.72,75.68
05/01/2025,ADD,Color Star Technology Co Ltd,0.6887,192411,0.7,0.701,0.665
05/01/2025,AXON,Axon Enterprise Inc,621.1,450462,617.96,627.7299,613.02
05/01/2025,CEG,Constellation Energy Corporation,240.615,4557755,232.2,243.98,230.31
05/01/2025,HON,Honeywell International Inc,210.74,3591602,210.4,211.53,209.77
05/01/2025,HSHIP,Himalaya Shipping Ltd,5.32,73201,5.3,5.4077,5.27
05/01/2025,STLD,Steel Dynamics Inc,130.295,1274194,129.43,132.89,129.26
05/01/2025,TT,Trane Techologies plc,392.62,2106869,387.24,396.86,386.41
05/01/2025,WPM,Wheaton Precious Metals Corp,81.11,1923516,81.23,81.67,80.41
07/01/2025,ADD,Color Star Technology Co Ltd,0.8732,77357,0.8698,0.8972,0.845
07/01/2025,AXON,Axon Enterprise Inc,775.38,997650,825.89,829.5,765.5
07/01/2025,CEG,Constellation Energy Corporation,307.92,3553045,320.725,320.725,302.25
07/01/2025,HON,Honeywell International Inc,238.77,3921616,233.58,238.88,233.1923
07/01/2025,HSHP,Himalaya Shipping Ltd,5.78,105007,5.79,5.9,5.755
07/01/2025,STLD,Steel Dynamics Inc,130.155,2002448,127.81,131.915,126.305
07/01/2025,TT,Trane Techologies plc,434.17,1167932,434.205,436.78,428.41
07/01/2025,WPM,Wheaton Precious Metals Corp,89.38,1475256,91.05,91.41,89.2701
08/01/2025,ADD,Color Star Technology Co Ltd,0.74,55024,0.77,0.77,0.7154
08/01/2025,AXON,Axon Enterprise Inc,742.47,457681,739.46,747.4081,728
08/01/2025,CEG,Constellation Energy Corporation,340.77,2871922,336.435,343.3799,327.01
08/01/2025,HON,Honeywell International Inc,217.71,3966973,221.365,221.635,217.16
08/01/2025,HSHP,Himalaya Shipping Ltd,6.78,92116,6.92,6.95,6.68
08/01/2025,STLD,Steel Dynamics Inc,122.37,1623447,125.11,125.185,121.66
08/01/2025,TT,Trane Techologies plc,439.25,1527429,432.685,439.93,428.28
08/01/2025,WPM,Wheaton Precious Metals Corp,92.1,1622409,93.35,93.88,91.165
04/02/2025,ADD,Color Star Technology Co Ltd,0.719,554929,0.6854,0.7411,0.635
04/02/2025,AXON,Axon Enterprise Inc,558.42,731828,530.69,560.3,530.69
04/02/2025,CEG,Constellation Energy Corporation,214.46,3179066,202.83,215.34,202.27
04/02/2025,HON,Honeywell International Inc,215.99,3423931,212.49,216.41,212.325
04/02/2025,HSHIP,Himalaya Shipping Ltd,5.55,99268,5.51,5.57,5.45
04/02/2025,STLD,Steel Dynamics Inc,127.36,1263424,122.965,127.57,122.36
04/02/2025,TT,Trane Techologies plc,347.94,1017437,335.64,350.24,335.64
04/02/2025,WPM,Wheaton Precious Metals Corp,77.66,2028416,77.14,77.8,75.74
05/02/2025,ADD,Color Star Technology Co Ltd,0.6901,217911,0.68,0.704,0.6702
05/02/2025,AXON,Axon Enterprise Inc,628.16,507953,632.18,638.35,626.46
05/02/2025,CEG,Constellation Energy Corporation,247.26,3316025,244.28,250.64,241.5634
05/02/2025,HON,Honeywell International Inc,214.13,4378676,212.18,214.94,212.015
05/02/2025,HSHIP,Himalaya Shipping Ltd,5.42,41518,5.46,5.49,5.38
05/02/2025,STLD,Steel Dynamics Inc,134.94,1021062,132.32,135.245,131.49
05/02/2025,TT,Trane Techologies plc,399.59,1323360,395.9,402.17,394.391
05/02/2025,WPM,Wheaton Precious Metals Corp,80.84,1389229,82,82.3,80.1
06/02/2025,ADD,Color Star Technology Co Ltd,0.9363,279830,0.91,0.9955,0.905
06/02/2025,AXON,Axon Enterprise Inc,758.57,521175,755,765,742.8
06/02/2025,CEG,Constellation Energy Corporation,313.43,2097119,306.89,313.9,304.57
06/02/2025,HON,Honeywell International Inc,225.52,2531738,225,225.94,223.03
06/02/2025,HSHIP,Himalaya Shipping Ltd,6.08,110855,5.96,6.1,5.96
06/02/2025,STLD,Steel Dynamics Inc,135.71,3317759,135.6,142.42,134.14
06/02/2025,TT,Trane Techologies plc,430.36,885052,427.52,430.62,422.06
06/02/2025,WPM,Wheaton Precious Metals Corp,91.83,2707797,88.66,91.88,88.3
07/02/2025,ADD,Color Star Technology Co Ltd,0.892,1489590,0.86,0.9308,0.86
07/02/2025,AXON,Axon Enterprise Inc,774.55,574326,774.68,782.9813,756.72
07/02/2025,CEG,Constellation Energy Corporation,306.63,2106482,306.88,310.32,303.01
07/02/2025,HON,Honeywell International Inc,239.26,4103296,238.16,240.52,236.915
07/02/2025,HSHP,Himalaya Shipping Ltd,5.97,101441,5.86,6.02,5.86
07/02/2025,STLD,Steel Dynamics Inc,134.06,1652092,131.61,134.34,130.925
07/02/2025,TT,Trane Techologies plc,432.71,917451,432.38,435.28,428.83
07/02/2025,WPM,Wheaton Precious Metals Corp,89.69,1035623,89.92,90.14,88.55
03/03/2025,ADD,Color Star Technology Co Ltd,1.11,182096,1.16,1.16,1.1
03/03/2025,AXON,Axon Enterprise Inc,525.75,876097,532.84,541.75,520.6701
03/03/2025,CEG,Constellation Energy Corporation,232.29,5315016,249.38,249.7215,229.24
03/03/2025,HON,Honeywell International Inc,212.02,5333469,213.72,216.055,211.03
03/03/2025,HSHIP,Himalaya Shipping Ltd,5.34,309573,5.55,5.58,5.335
03/03/2025,STLD,Steel Dynamics Inc,130.5,1926157,136.78,137.83,129.56
03/03/2025,TT,Trane Techologies plc,346.24,1784497,356.38,356.5,342.98
03/03/2025,WPM,Wheaton Precious Metals Corp,68.74,1746921,69.85,70.97,68.25
04/03/2025,ADD,Color Star Technology Co Ltd,0.6692,105884,0.6615,0.7,0.652
04/03/2025,AXON,Axon Enterprise Inc,539.69,662053,532.67,553.6,528.76
04/03/2025,CEG,Constellation Energy Corporation,190.24,5557506,200.47,204.0469,189.78
04/03/2025,HON,Honeywell International Inc,206.68,6510705,213.59,216.29,206.3324
04/03/2025,HSHIP,Himalaya Shipping Ltd,5.36,334610,5.36,5.44,5.27
04/03/2025,STLD,Steel Dynamics Inc,116.06,1878302,121.65,122.0597,115.91
04/03/2025,TT,Trane Techologies plc,331.04,1563331,333.07,338.41,329.36
04/03/2025,WPM,Wheaton Precious Metals Corp,78.5,3417204,74.2,80.43,73.734
06/03/2025,ADD,Color Star Technology Co Ltd,0.9358,235053,0.9082,0.9567,0.89
06/03/2025,AXON,Axon Enterprise Inc,759.07,503574,761,766.26,750
06/03/2025,CEG,Constellation Energy Corporation,313.03,10696100,342,342,309.5
06/03/2025,HON,Honeywell International Inc,226.77,2809400,225,227.22,224.99
06/03/2025,HSHIP,Himalaya Shipping Ltd,5.98,81149,5.99,6.03,5.9
06/03/2025,STLD,Steel Dynamics Inc,136.84,1961092,135.05,137.11,130.97
06/03/2025,TT,Trane Techologies plc,432.75,1142196,430.63,435.43,429.56
06/03/2025,WPM,Wheaton Precious Metals Corp,91.71,1571251,90.92,91.8,89.925
07/03/2025,ADD,Color Star Technology Co Ltd,0.87,1264109,0.89,0.893,0.8176
07/03/2025,AXON,Axon Enterprise Inc,795.48,268670,781.77,797.89,780
07/03/2025,CEG,Constellation Energy Corporation,311.88,1465816,308.2,313.94,306.4476
07/03/2025,HON,Honeywell International Inc,240.4,1903189,239.89,241.3,239.39
07/03/2025,HSHP,Himalaya Shipping Ltd,6.16,59863,6.1,6.19,6.1
07/03/2025,STLD,Steel Dynamics Inc,133.24,1496134,134.92,135.21,132.97
07/03/2025,TT,Trane Techologies plc,437.39,1182309,431.25,437.7,428.88
07/03/2025,WPM,Wheaton Precious Metals Corp,90.56,778170,88.49,90.66,88.49
03/04/2025,ADD,Color Star Technology Co Ltd,1,268133,1.06,1.0699,0.93
03/04/2025,AXON,Axon Enterprise Inc,528.28,956405,513.87,543.41,503.02
03/04/2025,CEG,Constellation Energy Corporation,231.65,5525511,227.5,239.63,221.25
03/04/2025,HON,Honeywell International Inc,208,6961807,211.7,212.53,207.83
03/04/2025,HSHIP,Himalaya Shipping Ltd,5.25,147806,5.13,5.31,5.04
03/04/2025,STLD,Steel Dynamics Inc,126.37,2001580,128.59,129.31,124.0001
03/04/2025,TT,Trane Techologies plc,343.2,1865296,342.395,348.61,335.09
03/04/2025,WPM,Wheaton Precious Metals Corp,69,1259102,69.25,70.15,68.0601
04/04/2025,ADD,Color Star Technology Co Ltd,0.7688,345923,0.6381,0.83,0.5601
04/04/2025,AXON,Axon Enterprise Inc,497.13,971548,511.26,519.9999,486.1
04/04/2025,CEG,Constellation Energy Corporation,170.96,9358580,180.07,182.99,165.08
04/04/2025,HON,Honeywell International Inc,190.99,8445698,203.25,204.63,190.71
04/04/2025,HSHIP,Himalaya Shipping Ltd,4.86,575093,4.7,5.02,4.555
04/04/2025,STLD,Steel Dynamics Inc,109.21,2181147,111.16,113.3499,105.64
04/04/2025,TT,Trane Techologies plc,318.11,2057049,319.18,326,313.625
04/04/2025,WPM,Wheaton Precious Metals Corp,70.9,4044575,76.19,77.13,70.85
06/04/2025,ADD,Color Star Technology Co Ltd,0.9275,196983,0.94,0.96,0.91
06/04/2025,AXON,Axon Enterprise Inc,780,558064,760,780.62,757.45
06/04/2025,CEG,Constellation Energy Corporation,299.54,4966758,304,310.41,298.94
06/04/2025,HON,Honeywell International Inc,227.45,1832734,227.48,228.77,226.19
06/04/2025,HSHP,Himalaya Shipping Ltd,6.11,147829,6.12,6.3,6.09
06/04/2025,STLD,Steel Dynamics Inc,134.97,1191746,136.84,137.28,134.89
06/04/2025,TT,Trane Techologies plc,432.62,733565,435.73,435.73,432.49
06/04/2025,WPM,Wheaton Precious Metals Corp,92.75,1747806,92.14,93.2,91.59
08/04/2025,ADD,Color Star Technology Co Ltd,0.6801,224245,0.7271,0.7337,0.65
08/04/2025,AXON,Axon Enterprise Inc,744.88,769837,751.04,755,736.95
08/04/2025,CEG,Constellation Energy Corporation,354.89,2899262,345.13,357,344.576
08/04/2025,HON,Honeywell International Inc,220.79,3452301,218.32,220.81,217.8
08/04/2025,HSHP,Himalaya Shipping Ltd,6.89,67621,6.86,6.95,6.86
08/04/2025,STLD,Steel Dynamics Inc,121.36,1007115,122.3,122.935,120.87
08/04/2025,TT,Trane Techologies plc,433.97,993927,439.51,441.87,432.47
08/04/2025,WPM,Wheaton Precious Metals Corp,95.87,1546422,93.2,95.91,93.2
03/05/2025,ADD,Color Star Technology Co Ltd,1.04,85979,1,1.06,0.98
03/05/2025,AXON,Axon Enterprise Inc,534.96,945209,529.75,538.98,521.08
03/05/2025,CEG,Constellation Energy Corporation,229.32,3840233,230.65,233.54,223.42
03/05/2025,HON,Honeywell International Inc,209.62,5295803,208,210.43,206.79
03/05/2025,HSHIP,Himalaya Shipping Ltd,5.44,216607,5.67,5.67,5.41
03/05/2025,STLD,Steel Dynamics Inc,127.72,2523728,126.92,129.29,125.33
03/05/2025,TT,Trane Techologies plc,348.65,1915853,346.64,350.8199,343.585
03/05/2025,WPM,Wheaton Precious Metals Corp,70.97,1874761,69.33,71.01,69.04
05/05/2025,ADD,Color Star Technology Co Ltd,0.9994,3300615,0.6947,1.01,0.6947
05/05/2025,AXON,Axon Enterprise Inc,621.4,358190,624.99,631.1581,620.9901
05/05/2025,CEG,Constellation Energy Corporation,248.27,3117814,243.27,250,241.46
05/05/2025,HON,Honeywell International Inc,214.25,6285205,213.07,215.54,212.47
05/05/2025,HSHIP,Himalaya Shipping Ltd,5.45,46491,5.42,5.49,5.42
05/05/2025,STLD,Steel Dynamics Inc,133.12,814767,133.82,135.3,133.09
05/05/2025,TT,Trane Techologies plc,402.9,1036879,397.24,406.21,395.8625
05/05/2025,WPM,Wheaton Precious Metals Corp,83.4,1807622,82.99,83.7,81.7015
06/05/2025,ADD,Color Star Technology Co Ltd,0.9132,151218,0.935,0.935,0.9
06/05/2025,AXON,Axon Enterprise Inc,788.36,683795,780.53,793.2399,773.9901
06/05/2025,CEG,Constellation Energy Corporation,289.88,4678396,299.235,302,289.36
06/05/2025,HON,Honeywell International Inc,226.67,3250130,227.47,227.92,226.12
06/05/2025,HSHP,Himalaya Shipping Ltd,6.19,260306,6.22,6.325,6.15
06/05/2025,STLD,Steel Dynamics Inc,132.1,1284306,135.25,135.745,131.68
06/05/2025,TT,Trane Techologies plc,430.82,796339,434.92,434.92,429.72
06/05/2025,WPM,Wheaton Precious Metals Corp,91.59,2643040,94.59,95.23,90.9
08/05/2025,ADD,Color Star Technology Co Ltd,0.7,87333,0.7133,0.7269,0.7
08/05/2025,AXON,Axon Enterprise Inc,867.12,2534971,818,885.915,802.9601
08/05/2025,CEG,Constellation Energy Corporation,343.57,3380492,352.03,353.777,338.96
08/05/2025,HON,Honeywell International Inc,221.06,2479838,220.02,221.37,219.51
08/05/2025,HSHP,Himalaya Shipping Ltd,7.1,240234,7.1,7.1,6.97
08/05/2025,STLD,Steel Dynamics Inc,123.53,1114995,121.54,124.16,121.4
08/05/2025,TT,Trane Techologies plc,428.76,1399404,432.27,435.0549,426.81
08/05/2025,WPM,Wheaton Precious Metals Corp,97.98,2763799,95.3,98.5,95.07
03/06/2025,ADD,Color Star Technology Co Ltd,1.0182,240793,1.05,1.05,0.9211
03/06/2025,AXON,Axon Enterprise Inc,499.31,912281,522.85,526.19,495
03/06/2025,CEG,Constellation Energy Corporation,207.69,7710756,220.19,222.78,204.71
03/06/2025,HON,Honeywell International Inc,211.26,5042728,208.94,211.74,207.9048
03/06/2025,HSHIP,Himalaya Shipping Ltd,5.52,189787,5.51,5.61,5.46
03/06/2025,STLD,Steel Dynamics Inc,125.25,1991621,126.28,127.675,124.13
03/06/2025,TT,Trane Techologies plc,341.73,1621975,344.73,347.29,336.77
03/06/2025,WPM,Wheaton Precious Metals Corp,70.2,1120432,70.15,71.5499,69.68
05/06/2025,ADD,Color Star Technology Co Ltd,0.8051,1250968,0.848,0.92,0.8
05/06/2025,AXON,Axon Enterprise Inc,601.67,759283,608.97,612.775,597.5614
05/06/2025,CEG,Constellation Energy Corporation,273.82,7195571,258.83,279.89,256.12
05/06/2025,HON,Honeywell International Inc,209.93,5129432,212.725,213.2875,209.485
05/06/2025,HSHIP,Himalaya Shipping Ltd,5.33,46932,5.36,5.43,5.3
05/06/2025,STLD,Steel Dynamics Inc,131.17,905947,132.47,133.14,131.07
05/06/2025,TT,Trane Techologies plc,406.68,1892195,400,408.42,397.72
05/06/2025,WPM,Wheaton Precious Metals Corp,85.76,2049265,84.77,85.88,83.77
06/06/2025,ADD,Color Star Technology Co Ltd,0.9,217356,0.906,0.949,0.9
06/06/2025,AXON,Axon Enterprise Inc,791.85,443740,794.92,798.16,784.6357
06/06/2025,CEG,Constellation Energy Corporation,298.8,3735262,293.58,299.77,286
06/06/2025,HON,Honeywell International Inc,228.78,2215865,228.745,230.47,228.15
06/06/2025,HSHP,Himalaya Shipping Ltd,6.26,319959,6.29,6.3,6.18
06/06/2025,STLD,Steel Dynamics Inc,133.56,1018735,133.58,135,133.07
06/06/2025,TT,Trane Techologies plc,428.93,1048054,433.14,433.55,428.105
06/06/2025,WPM,Wheaton Precious Metals Corp,88.7,2541890,91.44,91.63,88.38
08/06/2025,ADD,Color Star Technology Co Ltd,0.6436,187919,0.7018,0.7188,0.64
08/06/2025,AXON,Axon Enterprise Inc,863.65,842126,859.76,879.22,843.0227
08/06/2025,CEG,Constellation Energy Corporation,338.46,2946520,343.62,344.06,332.3
08/06/2025,HON,Honeywell International Inc,219.23,2792915,221.65,221.9,219
08/06/2025,HSHP,Himalaya Shipping Ltd,7.23,95331,7.19,7.33,7.18
08/06/2025,STLD,Steel Dynamics Inc,122.23,969650,122.89,123.92,121.93
08/06/2025,TT,Trane Techologies plc,427.03,1427295,428.65,429.3,424.58
08/06/2025,WPM,Wheaton Precious Metals Corp,98.57,1968612,97.8,98.66,97.28
03/07/2025,ADD,Color Star Technology Co Ltd,1.04,112355,0.9877,1.05,0.9877
03/07/2025,AXON,Axon Enterprise Inc,526.4,1277984,500,527.94,500
03/07/2025,CEG,Constellation Energy Corporation,212.54,4986183,208.1,216.14,203.1
03/07/2025,HON,Honeywell International Inc,214.52,5682735,211.25,215.36,210.79
03/07/2025,HSHIP,Himalaya Shipping Ltd,5.65,202489,5.71,5.75,5.625
03/07/2025,STLD,Steel Dynamics Inc,125.03,2180584,127.06,127.865,123.02
03/07/2025,TT,Trane Techologies plc,344.76,1579077,340.62,345.695,334.105
03/07/2025,WPM,Wheaton Precious Metals Corp,70.49,1605057,70.28,71.81,69.6507
04/07/2025,ADD,Color Star Technology Co Ltd,0.7262,243581,0.6775,0.75,0.66
04/07/2025,AXON,Axon Enterprise Inc,502.55,1045892,471.72,524.82,469.2434
04/07/2025,CEG,Constellation Energy Corporation,179.79,7458413,161.53,189.79,161.35
04/07/2025,HON,Honeywell International Inc,187.46,9352215,190.81,196.2299,183.39
04/07/2025,HSHIP,Himalaya Shipping Ltd,4.85,276945,4.66,5.0464,4.66
04/07/2025,STLD,Steel Dynamics Inc,111.04,2911215,106.15,114.965,103.17
04/07/2025,TT,Trane Techologies plc,316.17,1917708,309.01,330.88,298.15
04/07/2025,WPM,Wheaton Precious Metals Corp,70.68,2421594,68.5,74.08,68.03
05/07/2025,ADD,Color Star Technology Co Ltd,0.8002,246357,0.82,0.8361,0.7801
05/07/2025,AXON,Axon Enterprise Inc,601.82,887360,602.01,607.5992,594.52
05/07/2025,CEG,Constellation Energy Corporation,268.12,5168127,277.36,278.52,264.66
05/07/2025,HON,Honeywell International Inc,214.61,4334159,213.9,216.77,213.13
05/07/2025,HSHIP,Himalaya Shipping Ltd,5.46,145704,5.35,5.46,5.35
05/07/2025,STLD,Steel Dynamics Inc,130.7,1549702,131.345,131.975,129.4
05/07/2025,TT,Trane Techologies plc,407.24,2045236,406.64,409.14,402.87
05/07/2025,WPM,Wheaton Precious Metals Corp,84.94,1698597,83.85,85.4,83.62
07/07/2025,ADD,Color Star Technology Co Ltd,0.9,110363,0.883,0.909,0.88
07/07/2025,AXON,Axon Enterprise Inc,802.16,453034,796.02,804.4375,790
07/07/2025,CEG,Constellation Energy Corporation,318.25,2002122,310,320.41,309.09
07/07/2025,HON,Honeywell International Inc,239.35,2710591,239.87,240.9,237.94
07/07/2025,HSHP,Himalaya Shipping Ltd,6.33,163288,6.27,6.4,6.27
07/07/2025,STLD,Steel Dynamics Inc,133.49,953622,132.64,134.94,132.13
07/07/2025,TT,Trane Techologies plc,434.6,1342987,437.47,438.9479,430.23
07/07/2025,WPM,Wheaton Precious Metals Corp,92.61,1776525,89.605,92.76,88.25
08/07/2025,ADD,Color Star Technology Co Ltd,0.638,35510,0.6406,0.6556,0.6301
08/07/2025,AXON,Axon Enterprise Inc,870.97,700950,867.23,885,860.98
08/07/2025,CEG,Constellation Energy Corporation,336.41,3632033,335.26,345.25,322
08/07/2025,HON,Honeywell International Inc,216.58,2902482,220.28,220.51,215.61
08/07/2025,HSHP,Himalaya Shipping Ltd,7.24,85518,7.28,7.28,7.13
08/07/2025,STLD,Steel Dynamics Inc,122.07,909173,124.365,125.07,121.37
08/07/2025,TT,Trane Techologies plc,428.11,810198,426.82,430.65,424.86
08/07/2025,WPM,Wheaton Precious Metals Corp,99.79,1908835,99.68,100.53,99.1349
04/08/2025,ADD,Color Star Technology Co Ltd,0.7299,149613,0.7044,0.75,0.7001
04/08/2025,AXON,Axon Enterprise Inc,504.03,943153,522.71,536.84,497.99
04/08/2025,CEG,Constellation Energy Corporation,184.94,6895731,188.94,193.3,181.99
04/08/2025,HON,Honeywell International Inc,182.86,6952006,188.24,191.17,180.83
04/08/2025,HSHIP,Himalaya Shipping Ltd,4.44,160166,4.91,4.91,4.36
04/08/2025,STLD,Steel Dynamics Inc,110.23,3012726,114.96,117.755,108.27
04/08/2025,TT,Trane Techologies plc,315.21,1690558,324.96,329.53,311.04
04/08/2025,WPM,Wheaton Precious Metals Corp,70.56,2225398,73.73,73.84,69.765
05/08/2025,ADD,Color Star Technology Co Ltd,1.05,3556214,0.786,1.1,0.786
05/08/2025,AXON,Axon Enterprise Inc,686.83,1692978,646.38,698.265,644.605
05/08/2025,CEG,Constellation Energy Corporation,270.59,2862261,271.75,273.98,265.0701
05/08/2025,HON,Honeywell International Inc,214.54,3901856,215.7,216.66,213.78
05/08/2025,HSHIP,Himalaya Shipping Ltd,5.4,89294,5.35,5.46,5.27
05/08/2025,STLD,Steel Dynamics Inc,129.63,1303525,132.23,132.23,129.29
05/08/2025,TT,Trane Techologies plc,405.65,1856795,409.89,412.06,405.4
05/08/2025,WPM,Wheaton Precious Metals Corp,82.46,1782876,84.16,84.64,82.46
07/08/2025,ADD,Color Star Technology Co Ltd,1,667928,0.865,1.03,0.865
07/08/2025,AXON,Axon Enterprise Inc,790.22,507791,802.72,815,774.0957
07/08/2025,CEG,Constellation Energy Corporation,312.84,1793002,320.685,320.685,307.75
07/08/2025,HON,Honeywell International Inc,239.8,2768023,239.275,241.65,239.03
07/08/2025,HSHP,Himalaya Shipping Ltd,6.35,92371,6.3,6.44,6.28
07/08/2025,STLD,Steel Dynamics Inc,136.04,1033207,134.28,137.43,133.3264
07/08/2025,TT,Trane Techologies plc,426.89,1128659,432.96,434.995,424.055
07/08/2025,WPM,Wheaton Precious Metals Corp,86.72,2722984,92.11,92.16,85.59
08/08/2025,ADD,Color Star Technology Co Ltd,0.5911,892719,0.6726,0.6726,0.5744
08/08/2025,AXON,Axon Enterprise Inc,842.5,667561,872.47,878.6169,835.7
08/08/2025,CEG,Constellation Energy Corporation,335.765,1961007,338.71,342.2,332.25
08/08/2025,HON,Honeywell International Inc,216.31,3059683,216.77,217.7,216
08/08/2025,HSHP,Himalaya Shipping Ltd,7.17,51072,7.3,7.41,7.16
08/08/2025,STLD,Steel Dynamics Inc,123.02,891413,122.93,123.87,122.16
08/08/2025,TT,Trane Techologies plc,430.09,755571,430.48,431.58,426.13
08/08/2025,WPM,Wheaton Precious Metals Corp,100.69,3101151,103.75,103.81,99.0301
04/09/2025,ADD,Color Star Technology Co Ltd,1.06,4319358,0.73,1.12,0.71
04/09/2025,AXON,Axon Enterprise Inc,559.84,1105398,503.15,567.0358,497.355
04/09/2025,CEG,Constellation Energy Corporation,215.45,7984335,186.13,217.9,182.61
04/09/2025,HON,Honeywell International Inc,199.1,9141303,180.5,199.78,179.36
04/09/2025,HSHIP,Himalaya Shipping Ltd,4.6,598369,4.42,4.77,4.29
04/09/2025,STLD,Steel Dynamics Inc,122.65,3412520,108.74,123.38,108.74
04/09/2025,TT,Trane Techologies plc,342.8,1980193,315.25,344.855,310.8
04/09/2025,WPM,Wheaton Precious Metals Corp,74.62,2879247,72.89,75.66,71.81
05/09/2025,ADD,Color Star Technology Co Ltd,0.9,318707,0.927,0.94,0.862
05/09/2025,AXON,Axon Enterprise Inc,684.59,642574,684.01,697.39,677.61
05/09/2025,CEG,Constellation Energy Corporation,271.37,3245909,272.07,274.95,266.06
05/09/2025,HON,Honeywell International Inc,213.03,2394408,214.54,214.875,212.67
05/09/2025,HSHIP,Himalaya Shipping Ltd,5.43,92951,5.37,5.4863,5.36
05/09/2025,STLD,Steel Dynamics Inc,130.51,753897,130.07,131.035,128.51
05/09/2025,TT,Trane Techologies plc,404.73,1914411,407.81,409.19,402.165
05/09/2025,WPM,Wheaton Precious Metals Corp,85.77,2631889,84,86.55,82.69
06/09/2025,ADD,Color Star Technology Co Ltd,0.9042,162865,0.92,0.92,0.889
06/09/2025,AXON,Axon Enterprise Inc,783.8,537362,795.83,806.64,775.8553
06/09/2025,CEG,Constellation Energy Corporation,299.66,2997382,300.695,308.82,297.01
06/09/2025,HON,Honeywell International Inc,227.13,2561469,228.69,228.7,226.53
06/09/2025,HSHP,Himalaya Shipping Ltd,6.33,91779,6.36,6.38,6.3001
06/09/2025,STLD,Steel Dynamics Inc,133.63,1146779,134.1,135.58,133.515
06/09/2025,TT,Trane Techologies plc,427.77,793215,429.51,430.49,426.7044
06/09/2025,WPM,Wheaton Precious Metals Corp,89.13,1585757,88.88,89.25,87.4
07/09/2025,ADD,Color Star Technology Co Ltd,0.9384,36574,0.9431,0.985,0.9321
07/09/2025,AXON,Axon Enterprise Inc,805.86,339967,794.3,809.99,785
07/09/2025,CEG,Constellation Energy Corporation,317.11,1685724,313.22,319.755,310.25
07/09/2025,HON,Honeywell International Inc,238.72,2177173,240.7,241.72,236.72
07/09/2025,HSHP,Himalaya Shipping Ltd,6.32,72584,6.28,6.36,6.235
07/09/2025,STLD,Steel Dynamics Inc,136.08,983907,136.11,136.545,134.78
07/09/2025,TT,Trane Techologies plc,433.61,841674,431.5,434.05,427.59
07/09/2025,WPM,Wheaton Precious Metals Corp,88.84,1828691,86.9,88.89,86.3538
03/10/2025,ADD,Color Star Technology Co Ltd,1.01,199494,1.05,1.05,1
03/10/2025,AXON,Axon Enterprise Inc,515.45,1359940,508.39,522.06,501.85
03/10/2025,CEG,Constellation Energy Corporation,202.21,7689548,203.61,208.24,195.56
03/10/2025,HON,Honeywell International Inc,213.82,4177089,214.29,218.4742,213.58
03/10/2025,HSHIP,Himalaya Shipping Ltd,5.41,225058,5.53,5.55,5.34
03/10/2025,STLD,Steel Dynamics Inc,119.4,2729058,122.37,123.21,116.99
03/10/2025,TT,Trane Techologies plc,338.36,2055471,338.85,342.59,334.94
03/10/2025,WPM,Wheaton Precious Metals Corp,69.7,2170336,69.99,70.95,69.23
04/10/2025,ADD,Color Star Technology Co Ltd,0.8703,370877,0.8787,0.9299,0.82
04/10/2025,AXON,Axon Enterprise Inc,551.25,655898,543.85,564.36,534.22
04/10/2025,CEG,Constellation Energy Corporation,204.49,4048640,209,211.475,199.55
04/10/2025,HON,Honeywell International Inc,193.39,5821691,196.99,199.55,188.8
04/10/2025,HSHIP,Himalaya Shipping Ltd,4.46,268119,4.6,4.645,4.415
04/10/2025,STLD,Steel Dynamics Inc,117.49,2123040,118.7,119.19,112.6
04/10/2025,TT,Trane Techologies plc,338.33,1715899,334.66,342.35,325.985
04/10/2025,WPM,Wheaton Precious Metals Corp,77.9,3524870,75.31,78.88,74.2375
06/10/2025,ADD,Color Star Technology Co Ltd,0.9,516204,0.9132,0.92,0.885
06/10/2025,AXON,Axon Enterprise Inc,762.66,600557,778.54,787.61,751.25
06/10/2025,CEG,Constellation Energy Corporation,291.02,3374298,300,300.5,287.71
06/10/2025,HON,Honeywell International Inc,226.26,2665547,227.12,227.61,225.73
06/10/2025,HSHP,Himalaya Shipping Ltd,6.27,134821,6.27,6.37,6.23
06/10/2025,STLD,Steel Dynamics Inc,133.81,1027639,133.88,135.19,133.33
06/10/2025,TT,Trane Techologies plc,421.68,1066121,429.48,429.48,416.82
06/10/2025,WPM,Wheaton Precious Metals Corp,88.17,1633981,89.4,89.44,87.1001
07/10/2025,ADD,Color Star Technology Co Ltd,0.9788,141864,0.9269,0.9789,0.9141
07/10/2025,AXON,Axon Enterprise Inc,732.99,1227628,802.11,803,728.43
07/10/2025,CEG,Constellation Energy Corporation,313.62,1746508,316.26,317.36,307.235
07/10/2025,HON,Honeywell International Inc,236.77,2264534,237.82,239.375,236.51
07/10/2025,HSHP,Himalaya Shipping Ltd,6.63,161886,6.33,6.7,6.33
07/10/2025,STLD,Steel Dynamics Inc,137.37,1242074,137.52,139.57,136.685
07/10/2025,TT,Trane Techologies plc,434.53,1051168,433.95,437.71,425.6206
07/10/2025,WPM,Wheaton Precious Metals Corp,89.89,1728353,89.29,89.98,88
03/11/2025,ADD,Color Star Technology Co Ltd,1,168612,1,1.028,0.95
03/11/2025,AXON,Axon Enterprise Inc,526.64,975328,518.26,539.175,509.0001
03/11/2025,CEG,Constellation Energy Corporation,208.58,5051002,203.99,211.64,199.925
03/11/2025,HON,Honeywell International Inc,208.59,5243484,213.49,213.75,206.92
03/11/2025,HSHIP,Himalaya Shipping Ltd,5.51,189413,5.42,5.525,5.37
03/11/2025,STLD,Steel Dynamics Inc,120.76,2392770,119.6,123.39,119.3581
03/11/2025,TT,Trane Techologies plc,333.96,1721581,337.35,343.21,333.66
03/11/2025,WPM,Wheaton Precious Metals Corp,71.07,1813684,70.25,72,70.035
04/11/2025,ADD,Color Star Technology Co Ltd,0.81,162939,0.84,0.84,0.76
04/11/2025,AXON,Axon Enterprise Inc,567.98,516622,549,569,541.5189
04/11/2025,CEG,Constellation Energy Corporation,208.25,2960744,204.49,208.53,198
04/11/2025,HON,Honeywell International Inc,198.55,5102934,192.78,199.41,191.6001
04/11/2025,HSHIP,Himalaya Shipping Ltd,4.66,199407,4.5,4.7,4.5
04/11/2025,STLD,Steel Dynamics Inc,120.41,1674215,117.21,121.2,116.29
04/11/2025,TT,Trane Techologies plc,345.81,1531563,335.06,347.87,333.23
04/11/2025,WPM,Wheaton Precious Metals Corp,82.13,3609948,79.86,82.99,79.4
06/11/2025,ADD,Color Star Technology Co Ltd,0.899,747106,0.919,0.919,0.8963
06/11/2025,AXON,Axon Enterprise Inc,778.36,487781,764.67,782.785,746.9
06/11/2025,CEG,Constellation Energy Corporation,292.19,2751423,296.83,298.47,289.8
06/11/2025,HON,Honeywell International Inc,225.82,2493650,225.92,226.8,221.6515
06/11/2025,HSHP,Himalaya Shipping Ltd,6.51,102835,6.44,6.59,6.4
06/11/2025,STLD,Steel Dynamics Inc,130.03,1888169,131.9,131.9,127.61
06/11/2025,TT,Trane Techologies plc,422.96,1001092,423.76,428.78,417.96
06/11/2025,WPM,Wheaton Precious Metals Corp,89.16,2352967,88.27,89.16,88
07/11/2025,ADD,Color Star Technology Co Ltd,1.014,179522,0.9521,1.03,0.9521
07/11/2025,AXON,Axon Enterprise Inc,729.62,1121522,740.33,753.018,723.001
07/11/2025,CEG,Constellation Energy Corporation,321.54,2015620,310.81,323,309.7449
07/11/2025,HON,Honeywell International Inc,235.93,2417501,234.37,236.05,234
07/11/2025,HSHP,Himalaya Shipping Ltd,6.78,143045,6.65,6.78,6.65
07/11/2025,STLD,Steel Dynamics Inc,135.07,822411,136.97,137.92,134.16
07/11/2025,TT,Trane Techologies plc,437.5,944550,430,438.9,430
07/11/2025,WPM,Wheaton Precious Metals Corp,91.02,1780258,90.46,91.62,89.77
08/11/2025,ADD,Color Star Technology Co Ltd,0.575,235554,0.6,0.6204,0.55
08/11/2025,AXON,Axon Enterprise Inc,818.69,616018,842.89,844.15,817.36
08/11/2025,CEG,Constellation Energy Corporation,331.49,1829803,336.24,338.3,328
08/11/2025,HON,Honeywell International Inc,216.45,2411339,216.31,216.585,214.2
08/11/2025,HSHP,Himalaya Shipping Ltd,7.19,95271,7.26,7.32,7.17
08/11/2025,STLD,Steel Dynamics Inc,122.41,1380692,122.85,123.23,119.89
08/11/2025,TT,Trane Techologies plc,428.07,1074837,428.3,432.42,426.06
08/11/2025,WPM,Wheaton Precious Metals Corp,97.51,3403090,96.78,97.8499,95.78
02/12/2025,ADD,Color Star Technology Co Ltd,1.23,495439,1.24,1.28,1.12
02/12/2025,AXON,Axon Enterprise Inc,665.08,495922,656.49,668.5673,652.26
02/12/2025,CEG,Constellation Energy Corporation,313.8,1766373,305.43,317.43,303.79
02/12/2025,HON,Honeywell International Inc,205.01,3413222,205.585,206.29,204.25
02/12/2025,HSHIP,Himalaya Shipping Ltd,4.83,205194,4.75,4.85,4.738
02/12/2025,STLD,Steel Dynamics Inc,132.3,2213906,133.78,134.7,132.18
02/12/2025,TT,Trane Techologies plc,361.66,1493216,356.93,363.95,356.93
02/12/2025,WPM,Wheaton Precious Metals Corp,68.31,1440017,66.5,68.36,66.44
03/12/2025,ADD,Color Star Technology Co Ltd,1.03,108945,1.01,1.03,0.9572
03/12/2025,AXON,Axon Enterprise Inc,557.89,1215839,540.37,560.725,539.13
03/12/2025,CEG,Constellation Energy Corporation,215.35,7320373,219.42,224.33,210
03/12/2025,HON,Honeywell International Inc,206.35,3812680,207.09,207.79,204.73
03/12/2025,HSHIP,Himalaya Shipping Ltd,5.92,300863,5.88,5.945,5.78
03/12/2025,STLD,Steel Dynamics Inc,123.53,2126291,123.22,126.39,121.81
03/12/2025,TT,Trane Techologies plc,339.37,1542127,339.635,342.685,333.28
03/12/2025,WPM,Wheaton Precious Metals Corp,71.17,1553557,70.75,71.49,70.33
05/12/2025,ADD,Color Star Technology Co Ltd,0.9074,281693,0.9,0.943,0.8635
05/12/2025,AXON,Axon Enterprise Inc,693.1,878357,700,703,667
05/12/2025,CEG,Constellation Energy Corporation,285.28,4744922,286.36,291.99,283.45
05/12/2025,HON,Honeywell International Inc,219.34,4032539,218,219.46,216.53
05/12/2025,HSHIP,Himalaya Shipping Ltd,5.73,115760,5.65,5.75,5.65
05/12/2025,STLD,Steel Dynamics Inc,136.53,1562938,136.1,138.175,134.41
05/12/2025,TT,Trane Techologies plc,416.15,1922637,415.12,416.7399,406.17
05/12/2025,WPM,Wheaton Precious Metals Corp,78.98,2898137,81.74,81.97,78.57
06/12/2025,ADD,Color Star Technology Co Ltd,0.8505,224130,0.902,0.9099,0.76
06/12/2025,AXON,Axon Enterprise Inc,775.2,350325,773.16,781.12,772.605
06/12/2025,CEG,Constellation Energy Corporation,300.38,2083974,290.11,301.32,289.08
06/12/2025,HON,Honeywell International Inc,226.05,1599246,225.03,226.71,223.77
06/12/2025,HSHP,Himalaya Shipping Ltd,6.57,75052,6.54,6.62,6.525
06/12/2025,STLD,Steel Dynamics Inc,131.85,1068103,129.61,132.23,129.04
06/12/2025,TT,Trane Techologies plc,424.31,1500703,424.6,425.97,422.04
06/12/2025,WPM,Wheaton Precious Metals Corp,90.41,1945640,90.17,91.28,89.88
02/13/2025,ADD,Color Star Technology Co Ltd,1.24,313944,1.22,1.2499,1.16
02/13/2025,AXON,Axon Enterprise Inc,664.7,356153,667.75,671.44,655.0688
02/13/2025,CEG,Constellation Energy Corporation,311.49,2707225,316.36,317.7376,305.09
02/13/2025,HON,Honeywell International Inc,205.27,3382403,206.51,207.3,204.61
02/13/2025,HSHIP,Himalaya Shipping Ltd,4.94,89261,4.87,4.98,4.8501
02/13/2025,STLD,Steel Dynamics Inc,132.88,1898714,132.9,133.695,129.38
02/13/2025,TT,Trane Techologies plc,361.28,1410711,363.42,365.51,357.4
02/13/2025,WPM,Wheaton Precious Metals Corp,69.26,1933137,68.35,69.4926,67.43
02/14/2025,ADD,Color Star Technology Co Ltd,1.19,261205,1.24,1.24,1.18
02/14/2025,AXON,Axon Enterprise Inc,683.41,694120,662.57,686.17,648.85
02/14/2025,CEG,Constellation Energy Corporation,317.3,2192984,311.185,318.19,306.22
02/14/2025,HON,Honeywell International Inc,202.75,5351415,204.82,205.14,201.54
02/14/2025,HSHIP,Himalaya Shipping Ltd,4.99,87297,4.99,5.055,4.95
02/14/2025,STLD,Steel Dynamics Inc,135.83,1608497,133.31,136.23,132.82
02/14/2025,TT,Trane Techologies plc,363.26,1019606,360.55,364.25,359.18
02/14/2025,WPM,Wheaton Precious Metals Corp,67.5,1436028,69.5,69.58,67.31
02/18/2025,ADD,Color Star Technology Co Ltd,1.17,231778,1.26,1.26,1.15
02/18/2025,AXON,Axon Enterprise Inc,710.01,1318703,694.02,715.99,691.86
02/18/2025,CEG,Constellation Energy Corporation,325.6,3252998,323.84,329.5699,315.815
02/18/2025,HON,Honeywell International Inc,208.04,4897883,204.415,208.39,202.78
02/18/2025,HSHIP,Himalaya Shipping Ltd,5.23,230474,5.13,5.3,5.13
02/18/2025,STLD,Steel Dynamics Inc,139.06,1798565,136.58,139.65,135.1257
02/18/2025,TT,Trane Techologies plc,362.91,1319271,365.8,366,357.5801
02/18/2025,WPM,Wheaton Precious Metals Corp,68.72,1576863,68.35,69.01,67.9001
02/19/2025,ADD,Color Star Technology Co Ltd,1.27,702902,1.17,1.3199,1.15
02/19/2025,AXON,Axon Enterprise Inc,593.42,2319566,700,705.1,592.76
02/19/2025,CEG,Constellation Energy Corporation,321.665,3079053,323.81,329.888,318.1301
02/19/2025,HON,Honeywell International Inc,210.81,5064594,207.93,211.7,207.92
02/19/2025,HSHIP,Himalaya Shipping Ltd,5.27,279502,5.3,5.37,5.14
02/19/2025,STLD,Steel Dynamics Inc,136.76,1486642,137.43,138.5525,136.22
02/19/2025,TT,Trane Techologies plc,370.55,1477287,364.8,371.18,362.755
02/19/2025,WPM,Wheaton Precious Metals Corp,69.44,1767303,68.7,69.66,67.545
02/20/2025,ADD,Color Star Technology Co Ltd,1.165,371831,1.25,1.2584,1.13
02/20/2025,AXON,Axon Enterprise Inc,541.81,2514006,581,584,521.655
02/20/2025,CEG,Constellation Energy Corporation,309.42,3860027,317.49,322,304.18
02/20/2025,HON,Honeywell International Inc,211.35,3635989,209.59,211.5,208.87
02/20/2025,HSHIP,Himalaya Shipping Ltd,5.5,170577,5.45,5.68,5.44
02/20/2025,STLD,Steel Dynamics Inc,135.07,1341793,137.09,139.2,134.98
02/20/2025,TT,Trane Techologies plc,366.64,1140132,369.73,370.55,361.97
02/20/2025,WPM,Wheaton Precious Metals Corp,69.95,1680521,69.61,70.31,69.12
02/21/2025,ADD,Color Star Technology Co Ltd,1.15,286848,1.2,1.22,1.11
02/21/2025,AXON,Axon Enterprise Inc,513.22,1454542,551.655,551.655,510.5339
02/21/2025,CEG,Constellation Energy Corporation,284.44,6477999,310,310.46,277.77
02/21/2025,HON,Honeywell International Inc,211.94,6222122,211.16,212.5,209.4
02/21/2025,HSHIP,Himalaya Shipping Ltd,5.34,239442,5.6,5.6,5.32
02/21/2025,STLD,Steel Dynamics Inc,130.71,1398854,135.86,135.86,130.12
02/21/2025,TT,Trane Techologies plc,354.83,1163535,367.46,368.09,354.1
02/21/2025,WPM,Wheaton Precious Metals Corp,68.05,1803874,69.5,69.5,67.99
02/24/2025,ADD,Color Star Technology Co Ltd,1.22,432042,1.18,1.28,1.11
02/24/2025,AXON,Axon Enterprise Inc,499.73,1322641,516.51,524.35,496.19
02/24/2025,CEG,Constellation Energy Corporation,267.72,7221426,290.01,290.01,262.65
02/24/2025,HON,Honeywell International Inc,209.91,6742157,211.76,215.19,209.72
02/24/2025,HSHIP,Himalaya Shipping Ltd,5.18,278755,5.2,5.345,5.11
02/24/2025,STLD,Steel Dynamics Inc,133.15,1905596,134.68,134.94,131.245
02/24/2025,TT,Trane Techologies plc,346.88,1981336,357.13,358.7,345.99
02/24/2025,WPM,Wheaton Precious Metals Corp,68.85,1266970,68.73,69.3053,67.67
02/25/2025,ADD,Color Star Technology Co Ltd,1.17,376458,1.2,1.2,1.12
02/25/2025,AXON,Axon Enterprise Inc,496.65,1360330,498.905,502.2426,480.1767
02/25/2025,CEG,Constellation Energy Corporation,264.31,5094557,264.78,268.05,248.56
02/25/2025,HON,Honeywell International Inc,212,3798426,211.15,213.82,211.02
02/25/2025,HSHIP,Himalaya Shipping Ltd,5.42,258100,5.42,5.59,5.34
02/25/2025,STLD,Steel Dynamics Inc,133.48,1293374,132.99,134.39,131.06
02/25/2025,TT,Trane Techologies plc,348.78,3644769,345.66,350.11,341.32
02/25/2025,WPM,Wheaton Precious Metals Corp,68.94,1661656,68.19,69.125,67.22
02/26/2025,ADD,Color Star Technology Co Ltd,1.14,252358,1.19,1.2,1.12
02/26/2025,AXON,Axon Enterprise Inc,572.4,2837988,584.95,600.99,558.21
02/26/2025,CEG,Constellation Energy Corporation,270.14,4729045,272.75,279.95,268.05
02/26/2025,HON,Honeywell International Inc,211.33,3126930,210.83,212.71,209.7526
02/26/2025,HSHIP,Himalaya Shipping Ltd,5.68,198694,5.58,5.75,5.58
02/26/2025,STLD,Steel Dynamics Inc,133.48,1106678,134.21,137.32,132.85
02/26/2025,TT,Trane Techologies plc,350.71,1856944,351.02,356.76,350.04
02/26/2025,WPM,Wheaton Precious Metals Corp,70.26,1359377,68.52,70.8,68.26
02/27/2025,ADD,Color Star Technology Co Ltd,1.14,243467,1.13,1.15,1.1
02/27/2025,AXON,Axon Enterprise Inc,525.44,1453907,575,578.8739,521.7
02/27/2025,CEG,Constellation Energy Corporation,249.74,5130960,276.39,280.6,248.79
02/27/2025,HON,Honeywell International Inc,212.27,2755384,211.79,214.885,211.62
02/27/2025,HSHIP,Himalaya Shipping Ltd,5.31,198515,5.4,5.45,5.28
02/27/2025,STLD,Steel Dynamics Inc,133.32,1198269,134.7,136.38,133.13
02/27/2025,TT,Trane Techologies plc,344.28,1273460,352.27,355.04,344.15
02/27/2025,WPM,Wheaton Precious Metals Corp,68.04,1617455,69.18,70.08,67.58
02/28/2025,ADD,Color Star Technology Co Ltd,1.14,141055,1.11,1.14,1.1
02/28/2025,AXON,Axon Enterprise Inc,528.45,1153735,526.97,531.36,514.04
02/28/2025,CEG,Constellation Energy Corporation,250.545,6029597,246.42,251.5388,241.61
02/28/2025,HON,Honeywell International Inc,212.89,3976646,212.99,213.77,210.59
02/28/2025,HSHIP,Himalaya Shipping Ltd,5.45,174216,5.48,5.54,5.36
02/28/2025,STLD,Steel Dynamics Inc,135.07,1695776,133.75,135.27,130.86
02/28/2025,TT,Trane Techologies plc,353.7,2658541,345.31,354.43,341.79
02/28/2025,WPM,Wheaton Precious Metals Corp,68.92,2070756,66.99,69.47,66.6882
03/13/2025,ADD,Color Star Technology Co Ltd,0.9991,215030,1,1.03,0.9629
03/13/2025,AXON,Axon Enterprise Inc,534.56,760807,558.81,569.95,530.2203
03/13/2025,CEG,Constellation Energy Corporation,209.87,3654305,216.77,216.77,203.72
03/13/2025,HON,Honeywell International Inc,206.69,3530967,205.66,207.9,205.11
03/13/2025,HSHIP,Himalaya Shipping Ltd,5.71,137791,5.88,5.89,5.7
03/13/2025,STLD,Steel Dynamics Inc,123.25,2038482,123.42,126.88,122.35
03/13/2025,TT,Trane Techologies plc,338.9,1989874,337.95,340.11,334.82
03/13/2025,WPM,Wheaton Precious Metals Corp,72.72,2446246,71.55,73.7731,71.3101
03/14/2025,ADD,Color Star Technology Co Ltd,1.03,120203,1,1.03,0.9751
03/14/2025,AXON,Axon Enterprise Inc,556.26,656155,544.55,557.45,543.875
03/14/2025,CEG,Constellation Energy Corporation,216.46,3829888,213.83,217.5,209.03
03/14/2025,HON,Honeywell International Inc,209.47,3884590,208.47,211.15,207.89
03/14/2025,HSHIP,Himalaya Shipping Ltd,5.75,106280,5.72,5.79,5.71
03/14/2025,STLD,Steel Dynamics Inc,127.14,1562879,125.94,127.52,124.745
03/14/2025,TT,Trane Techologies plc,347.8,1473745,343.8,348.59,340.455
03/14/2025,WPM,Wheaton Precious Metals Corp,73.82,2504012,74.43,74.93,72.31
03/17/2025,ADD,Color Star Technology Co Ltd,0.985,127599,1,1,0.9748
03/17/2025,AXON,Axon Enterprise Inc,554.82,664625,552.72,563.7,549.58
03/17/2025,CEG,Constellation Energy Corporation,218.54,3547587,216.91,222.065,214.36
03/17/2025,HON,Honeywell International Inc,210.42,4415159,208.44,211.11,207.725
03/17/2025,HSHIP,Himalaya Shipping Ltd,5.79,97615,5.78,5.87,5.77
03/17/2025,STLD,Steel Dynamics Inc,124.94,1983665,125.85,125.945,122.41
03/17/2025,TT,Trane Techologies plc,350.94,1248174,347.42,352.985,346.3
03/17/2025,WPM,Wheaton Precious Metals Corp,76.02,2702472,74.71,76.22,74.55
03/18/2025,ADD,Color Star Technology Co Ltd,1.01,530396,0.98,1.0496,0.8086
03/18/2025,AXON,Axon Enterprise Inc,539.99,558600,548.7,555.58,532.52
03/18/2025,CEG,Constellation Energy Corporation,210.85,2716469,217.92,218.135,209.25
03/18/2025,HON,Honeywell International Inc,209.74,3811392,210.41,211.51,208.83
03/18/2025,HSHIP,Himalaya Shipping Ltd,5.7,100234,5.87,5.87,5.68
03/18/2025,STLD,Steel Dynamics Inc,127.09,1914512,124.94,127.28,124.18
03/18/2025,TT,Trane Techologies plc,344.06,1502765,348.42,349.45,342.34
03/18/2025,WPM,Wheaton Precious Metals Corp,75.53,2007157,77.44,77.44,74.6696
03/19/2025,ADD,Color Star Technology Co Ltd,1.02,223515,0.99,1.02,0.91
03/19/2025,AXON,Axon Enterprise Inc,568.11,576540,545.34,571.4,542.65
03/19/2025,CEG,Constellation Energy Corporation,218.05,3091919,211.12,220.37,211.12
03/19/2025,HON,Honeywell International Inc,208.65,6408344,210.29,212.12,208.31
03/19/2025,HSHIP,Himalaya Shipping Ltd,5.77,77058,5.72,5.8,5.65
03/19/2025,STLD,Steel Dynamics Inc,128.52,1979677,127.32,128.69,126.28
03/19/2025,TT,Trane Techologies plc,350.06,1078890,344.43,352.54,343.34
03/19/2025,WPM,Wheaton Precious Metals Corp,76.17,1398257,75.54,76.32,74.73
03/20/2025,ADD,Color Star Technology Co Ltd,0.9177,308908,0.941,0.99,0.9177
03/20/2025,AXON,Axon Enterprise Inc,558.41,525252,560.16,572.82,556.4955
03/20/2025,CEG,Constellation Energy Corporation,219.44,2250506,217.06,222.43,214
03/20/2025,HON,Honeywell International Inc,210.89,3583283,207.59,211.67,207.295
03/20/2025,HSHIP,Himalaya Shipping Ltd,6.02,232117,5.97,6.07,5.91
03/20/2025,STLD,Steel Dynamics Inc,126.64,1763166,127.995,128.545,126.6
03/20/2025,TT,Trane Techologies plc,349.33,1279563,345.5,352.59,342.76
03/20/2025,WPM,Wheaton Precious Metals Corp,75.57,1309200,75.07,76.49,74.65
03/21/2025,ADD,Color Star Technology Co Ltd,0.9099,263298,0.9172,0.9699,0.8423
03/21/2025,AXON,Axon Enterprise Inc,560,803642,550.63,562.28,544.34
03/21/2025,CEG,Constellation Energy Corporation,222.48,3733473,215.775,222.82,212.55
03/21/2025,HON,Honeywell International Inc,210.12,6545140,209.13,211.45,208.78
03/21/2025,HSHIP,Himalaya Shipping Ltd,5.94,323634,6.05,6.05,5.894
03/21/2025,STLD,Steel Dynamics Inc,122.67,6338135,124.2,124.7,121.07
03/21/2025,TT,Trane Techologies plc,347.14,1712173,345.92,348.52,342.46
03/21/2025,WPM,Wheaton Precious Metals Corp,75,3159269,74.955,75.08,73.69
03/24/2025,ADD,Color Star Technology Co Ltd,0.9099,108812,0.9056,0.9238,0.88
03/24/2025,AXON,Axon Enterprise Inc,572.52,689675,571.99,574.155,561
03/24/2025,CEG,Constellation Energy Corporation,228.62,2773601,228.24,231.15,226.6001
03/24/2025,HON,Honeywell International Inc,211.85,4248215,211.64,212.68,210.5
03/24/2025,HSHIP,Himalaya Shipping Ltd,5.89,191279,5.86,5.92,5.84
03/24/2025,STLD,Steel Dynamics Inc,126.66,2214427,125.6,127.88,125.2
03/24/2025,TT,Trane Techologies plc,357.6,1587819,352.64,359.13,349
03/24/2025,WPM,Wheaton Precious Metals Corp,74.91,1406105,74.69,75.72,74.69
03/25/2025,ADD,Color Star Technology Co Ltd,0.9145,306581,0.8826,0.9699,0.88
03/25/2025,AXON,Axon Enterprise Inc,577.18,439776,569.21,579.675,566.97
03/25/2025,CEG,Constellation Energy Corporation,226.87,2849931,229.31,230.8723,222
03/25/2025,HON,Honeywell International Inc,212.12,3810393,211.09,213.01,210.27
03/25/2025,HSHIP,Himalaya Shipping Ltd,5.9,198680,5.82,5.955,5.705
03/25/2025,STLD,Steel Dynamics Inc,128,1435391,127.32,128.75,126.66
03/25/2025,TT,Trane Techologies plc,364,1492961,358.68,364.35,358.11
03/25/2025,WPM,Wheaton Precious Metals Corp,75.94,1657063,75.93,76.46,75.37
03/26/2025,ADD,Color Star Technology Co Ltd,0.87,149402,0.9145,0.9145,0.8514
03/26/2025,AXON,Axon Enterprise Inc,559.06,521741,575.57,578.2,553.56
03/26/2025,CEG,Constellation Energy Corporation,216.97,4060972,224,226.1,214
03/26/2025,HON,Honeywell International Inc,213.12,5251418,212.73,217.1639,212.61
03/26/2025,HSHIP,Himalaya Shipping Ltd,5.91,145397,5.8,5.96,5.7625
03/26/2025,STLD,Steel Dynamics Inc,128.34,1245852,128.04,130.11,127.85
03/26/2025,TT,Trane Techologies plc,352.06,2686883,363.3,366.52,349.08
03/26/2025,WPM,Wheaton Precious Metals Corp,75.26,1035599,76.41,76.5,75.025
03/27/2025,ADD,Color Star Technology Co Ltd,0.849,67275,0.88,0.88,0.8355
03/27/2025,AXON,Axon Enterprise Inc,550.65,374576,554.78,557,540
03/27/2025,CEG,Constellation Energy Corporation,209.2,4178259,211.96,217.55,207.52
03/27/2025,HON,Honeywell International Inc,214.17,3584360,213.1,215.21,212.27
03/27/2025,HSHIP,Himalaya Shipping Ltd,5.88,119180,5.78,5.9,5.7
03/27/2025,STLD,Steel Dynamics Inc,127.99,1367872,127.63,129.74,126.54
03/27/2025,TT,Trane Techologies plc,346.6,1692622,352.24,353.05,345.27
03/27/2025,WPM,Wheaton Precious Metals Corp,76.62,1603033,76.03,76.97,75.55
03/28/2025,ADD,Color Star Technology Co Ltd,0.7999,913018,0.85,0.85,0.7
03/28/2025,AXON,Axon Enterprise Inc,534.95,678472,550.4,550.4,529
03/28/2025,CEG,Constellation Energy Corporation,205.39,5571956,209.9,215.415,203.89
03/28/2025,HON,Honeywell International Inc,210.34,3253418,214.27,214.9,209.965
03/28/2025,HSHIP,Himalaya Shipping Ltd,5.84,246987,5.79,5.88,5.76
03/28/2025,STLD,Steel Dynamics Inc,123.97,2337384,128.07,128.74,123.28
03/28/2025,TT,Trane Techologies plc,332,2337168,345.06,345.76,331
03/28/2025,WPM,Wheaton Precious Metals Corp,76.84,2243010,77.36,77.8623,76.13
03/31/2025,ADD,Color Star Technology Co Ltd,0.7091,9293934,0.7173,0.79,0.6666
03/31/2025,AXON,Axon Enterprise Inc,525.95,779458,522.67,528.83,507.03
03/31/2025,CEG,Constellation Energy Corporation,201.63,4518882,198.98,203.56,195.55
03/31/2025,HON,Honeywell International Inc,211.75,3968314,210.83,212.44,209.76
03/31/2025,HSHIP,Himalaya Shipping Ltd,5.48,168385,5.73,5.73,5.47
03/31/2025,STLD,Steel Dynamics Inc,125.08,1771907,123.51,125.6,121.24
03/31/2025,TT,Trane Techologies plc,336.92,1805319,330.1,339.03,327.67
03/31/2025,WPM,Wheaton Precious Metals Corp,77.63,2085491,77.63,78.045,75.44
04/14/2025,ADD,Color Star Technology Co Ltd,0.7606,141094,0.78,0.802,0.723
04/14/2025,AXON,Axon Enterprise Inc,574.83,666157,578,590,571.715
04/14/2025,CEG,Constellation Energy Corporation,206.7,3427483,214.97,217.21,203.87
04/14/2025,HON,Honeywell International Inc,200.25,4492187,199.02,201.36,198.2
04/14/2025,HSHIP,Himalaya Shipping Ltd,4.76,229161,4.76,4.8403,4.68
04/14/2025,STLD,Steel Dynamics Inc,118.75,1521922,122.22,122.88,118.55
04/14/2025,TT,Trane Techologies plc,347.49,1249163,350.53,351.52,343.84
04/14/2025,WPM,Wheaton Precious Metals Corp,82.33,2607119,81.44,83.63,80.27
04/15/2025,ADD,Color Star Technology Co Ltd,0.7655,178666,0.75,0.828,0.73
04/15/2025,AXON,Axon Enterprise Inc,578.42,330872,575.1,584.17,572.82
04/15/2025,CEG,Constellation Energy Corporation,208.42,1985995,206.6,212,206.35
04/15/2025,HON,Honeywell International Inc,198.81,3019515,200.83,202.36,198.39
04/15/2025,HSHIP,Himalaya Shipping Ltd,4.57,102169,4.76,4.765,4.57
04/15/2025,STLD,Steel Dynamics Inc,118.24,1073025,118.66,120.41,117.65
04/15/2025,TT,Trane Techologies plc,343.96,1062403,349.03,349.98,342.62
04/15/2025,WPM,Wheaton Precious Metals Corp,83.37,1955497,83.13,83.59,81.91
04/16/2025,ADD,Color Star Technology Co Ltd,0.8021,140905,0.75,0.8093,0.745
04/16/2025,AXON,Axon Enterprise Inc,571.85,368438,572.01,581.105,564.68
04/16/2025,CEG,Constellation Energy Corporation,204.19,2433624,205.05,207.4,201.44
04/16/2025,HON,Honeywell International Inc,193.28,4129331,197.5,198.59,192.51
04/16/2025,HSHIP,Himalaya Shipping Ltd,4.52,79341,4.54,4.57,4.475
04/16/2025,STLD,Steel Dynamics Inc,117.21,1123456,117.43,119.78,115.98
04/16/2025,TT,Trane Techologies plc,330.64,1620406,340.72,341.49,326.685
04/16/2025,WPM,Wheaton Precious Metals Corp,84.76,2910959,85.84,86.1992,83.701
04/17/2025,ADD,Color Star Technology Co Ltd,0.7745,1514577,0.76,0.85,0.76
04/17/2025,AXON,Axon Enterprise Inc,559.53,519731,578.2,578.2,556.39
04/17/2025,CEG,Constellation Energy Corporation,206.68,1963104,208.35,208.82,203.6038
04/17/2025,HON,Honeywell International Inc,196.6,3215569,195.25,198.33,194.975
04/17/2025,HSHIP,Himalaya Shipping Ltd,4.59,43840,4.52,4.61,4.5
04/17/2025,STLD,Steel Dynamics Inc,118.29,1049852,118.32,120.13,117.73
04/17/2025,TT,Trane Techologies plc,333.16,2243922,332.99,336.51,327.05
04/17/2025,WPM,Wheaton Precious Metals Corp,84.01,1746360,84.62,84.66,82.96
04/21/2025,ADD,Color Star Technology Co Ltd,0.7838,20721630,0.91,1.01,0.7021
04/21/2025,AXON,Axon Enterprise Inc,541.93,478945,550,556.63,531.22
04/21/2025,CEG,Constellation Energy Corporation,192.61,3290911,203.49,204.87,188.0057
04/21/2025,HON,Honeywell International Inc,194.23,4948636,194.98,195.8,192.12
04/21/2025,HSHIP,Himalaya Shipping Ltd,4.5,78623,4.52,4.57,4.5
04/21/2025,STLD,Steel Dynamics Inc,113.55,1230253,117.77,118.06,112.72
04/21/2025,TT,Trane Techologies plc,322.37,1769287,330.1,332,318.08
04/21/2025,WPM,Wheaton Precious Metals Corp,85.14,2028800,86.335,87.42,84.3075
04/22/2025,ADD,Color Star Technology Co Ltd,0.7194,2945120,0.69,0.7989,0.6666
04/22/2025,AXON,Axon Enterprise Inc,555.52,440802,551.32,561.8112,546
04/22/2025,CEG,Constellation Energy Corporation,200.88,2457830,197.55,202.42,195.85
04/22/2025,HON,Honeywell International Inc,198.37,4346696,195.86,199.65,195.41
04/22/2025,HSHIP,Himalaya Shipping Ltd,4.54,71630,4.53,4.58,4.5
04/22/2025,STLD,Steel Dynamics Inc,117.39,1655207,115.39,117.6605,114.76
04/22/2025,TT,Trane Techologies plc,332.62,1115316,331.88,335.608,324.78
04/22/2025,WPM,Wheaton Precious Metals Corp,83.46,2363578,85.75,86,83.05
04/23/2025,ADD,Color Star Technology Co Ltd,0.725,1367489,0.6901,0.7548,0.68
04/23/2025,AXON,Axon Enterprise Inc,576.9,492948,576.4,594.4624,574.2
04/23/2025,CEG,Constellation Energy Corporation,209.8,2976074,213.25,217.34,208.27
04/23/2025,HON,Honeywell International Inc,197.31,4157918,199.63,201.28,196.82
04/23/2025,HSHIP,Himalaya Shipping Ltd,4.92,210087,4.88,5.08,4.83
04/23/2025,STLD,Steel Dynamics Inc,122.49,2021608,120.86,127.25,119.5
04/23/2025,TT,Trane Techologies plc,335.87,1475159,344.6,348.29,334.995
04/23/2025,WPM,Wheaton Precious Metals Corp,81.53,4182438,79.89,82.08,79
04/24/2025,ADD,Color Star Technology Co Ltd,0.69,805542,0.7053,0.7399,0.6875
04/24/2025,AXON,Axon Enterprise Inc,590.67,493331,576.15,593.8359,571
04/24/2025,CEG,Constellation Energy Corporation,218.07,2336499,209.57,220.19,209.57
04/24/2025,HON,Honeywell International Inc,200.74,3239729,197.33,201.595,196.2401
04/24/2025,HSHIP,Himalaya Shipping Ltd,5.11,219412,5.04,5.12,4.92
04/24/2025,STLD,Steel Dynamics Inc,127.38,1352265,121.74,127.85,121.69
04/24/2025,TT,Trane Techologies plc,343.04,1261517,337.31,344.815,334.37
04/24/2025,WPM,Wheaton Precious Metals Corp,82.17,1408923,82.575,82.6,80.92
04/25/2025,ADD,Color Star Technology Co Ltd,0.703,814013,0.7,0.7228,0.6996
04/25/2025,AXON,Axon Enterprise Inc,603.78,556455,590.72,603.98,590.72
04/25/2025,CEG,Constellation Energy Corporation,222.99,2710833,218.11,223.945,216.5
04/25/2025,HON,Honeywell International Inc,199.16,3639403,199.2,200.58,197.79
04/25/2025,HSHIP,Himalaya Shipping Ltd,5.16,105308,5.18,5.32,5.13
04/25/2025,STLD,Steel Dynamics Inc,127.34,775041,125.87,127.77,125.755
04/25/2025,TT,Trane Techologies plc,347.97,1677710,343.09,351.78,343.09
04/25/2025,WPM,Wheaton Precious Metals Corp,81.65,1464036,80.01,81.85,79.7901
04/28/2025,ADD,Color Star Technology Co Ltd,0.7,707669,0.706,0.715,0.6512
04/28/2025,AXON,Axon Enterprise Inc,602.46,456126,605.66,614,594.54
04/28/2025,CEG,Constellation Energy Corporation,224.82,2396738,222.34,225.49,219.69
04/28/2025,HON,Honeywell International Inc,200.66,5690612,199.57,201.72,197.99
04/28/2025,HSHIP,Himalaya Shipping Ltd,5.25,79511,5.23,5.27,5.1
04/28/2025,STLD,Steel Dynamics Inc,127.94,884726,127.66,129.315,126.1265
04/28/2025,TT,Trane Techologies plc,351.32,2268727,348.14,354.95,346.68
04/28/2025,WPM,Wheaton Precious Metals Corp,82.07,1704901,81.21,82.11,80.21
04/29/2025,ADD,Color Star Technology Co Ltd,0.7,381506,0.6868,0.7049,0.6705
04/29/2025,AXON,Axon Enterprise Inc,611.13,399687,603.57,612.03,598.81
04/29/2025,CEG,Constellation Energy Corporation,226.45,2038928,224.31,227.36,220.5
04/29/2025,HON,Honeywell International Inc,211.49,8744588,207.45,212.43,206.86
04/29/2025,HSHIP,Himalaya Shipping Ltd,5.3,95212,5.3,5.37,5.3
04/29/2025,STLD,Steel Dynamics Inc,129.28,1307065,128.2,129.63,125.48
04/29/2025,TT,Trane Techologies plc,353.44,1733885,350.12,355,346.45
04/29/2025,WPM,Wheaton Precious Metals Corp,81.83,1597960,81.31,82.25,81.19
04/30/2025,ADD,Color Star Technology Co Ltd,0.6846,402128,0.6884,0.7038,0.62
04/30/2025,AXON,Axon Enterprise Inc,613.3,519821,591.59,614.76,585.49
04/30/2025,CEG,Constellation Energy Corporation,223.44,2185227,219.55,223.875,216.75
04/30/2025,HON,Honeywell International Inc,210.5,5031993,211.12,211.66,205.79
04/30/2025,HSHIP,Himalaya Shipping Ltd,5.22,85510,5.2,5.27,5.12
04/30/2025,STLD,Steel Dynamics Inc,129.71,1502347,124.98,130.18,124.73
04/30/2025,TT,Trane Techologies plc,383.31,2579364,374.01,384.33,370.04
04/30/2025,WPM,Wheaton Precious Metals Corp,83.52,2687839,81.49,83.53,81.32
05/13/2025,ADD,Color Star Technology Co Ltd,1.01,577369,0.92,1.02,0.8412
05/13/2025,AXON,Axon Enterprise Inc,724.77,868804,695,732.1662,694.71
05/13/2025,CEG,Constellation Energy Corporation,291.52,3651083,280.47,296.17,279.19
05/13/2025,HON,Honeywell International Inc,218.22,3858344,219.76,220.37,218.06
05/13/2025,HSHIP,Himalaya Shipping Ltd,5.65,73491,5.67,5.71,5.6062
05/13/2025,STLD,Steel Dynamics Inc,135.42,1588418,137.71,137.71,135.3
05/13/2025,TT,Trane Techologies plc,421.87,1348985,416.23,424.46,413.8565
05/13/2025,WPM,Wheaton Precious Metals Corp,78.51,1931226,79.15,79.635,77.66
05/14/2025,ADD,Color Star Technology Co Ltd,0.8901,262465,1,1,0.8601
05/14/2025,AXON,Axon Enterprise Inc,728.53,566253,725,730.76,715.5886
05/14/2025,CEG,Constellation Energy Corporation,288.15,3129278,291.52,292,282.93
05/14/2025,HON,Honeywell International Inc,217.18,3234995,216.37,218.2,215.82
05/14/2025,HSHIP,Himalaya Shipping Ltd,5.76,69067,5.72,5.82,5.7
05/14/2025,STLD,Steel Dynamics Inc,133.72,1116756,134.82,135.8,133.495
05/14/2025,TT,Trane Techologies plc,419.66,1339338,420.905,423.54,419.13
05/14/2025,WPM,Wheaton Precious Metals Corp,76.5,2792752,76.63,76.79,75.42
05/15/2025,ADD,Color Star Technology Co Ltd,0.9008,313733,0.88,0.913,0.88
05/15/2025,AXON,Axon Enterprise Inc,728.39,570241,725.495,732.222,722
05/15/2025,CEG,Constellation Energy Corporation,284.4,2187286,284.61,288.72,283.28
05/15/2025,HON,Honeywell International Inc,222.29,4133192,217.7,222.98,217.7
05/15/2025,HSHIP,Himalaya Shipping Ltd,5.82,48270,5.74,5.85,5.64
05/15/2025,STLD,Steel Dynamics Inc,133.8,816750,132.51,134.175,132.26
05/15/2025,TT,Trane Techologies plc,422.35,1225307,417.52,423.48,415.98
05/15/2025,WPM,Wheaton Precious Metals Corp,78.77,1733613,77.44,78.815,76.69
05/16/2025,ADD,Color Star Technology Co Ltd,0.92,341071,0.89,0.9383,0.88
05/16/2025,AXON,Axon Enterprise Inc,733.18,420469,732,735.68,724.7408
05/16/2025,CEG,Constellation Energy Corporation,291.12,2104914,286.59,291.17,284.2
05/16/2025,HON,Honeywell International Inc,222.88,2895966,222.3,222.99,220.622
05/16/2025,HSHIP,Himalaya Shipping Ltd,5.77,80236,5.87,5.89,5.73
05/16/2025,STLD,Steel Dynamics Inc,134.78,1096072,133.8,135.16,132.33
05/16/2025,TT,Trane Techologies plc,429.09,1110403,422.395,429.4,420.825
05/16/2025,WPM,Wheaton Precious Metals Corp,78.5,2163850,77.5,78.51,76.77
05/19/2025,ADD,Color Star Technology Co Ltd,0.907,264003,0.9191,0.9191,0.8714
05/19/2025,AXON,Axon Enterprise Inc,742.32,425566,721.99,742.34,721.0492
05/19/2025,CEG,Constellation Energy Corporation,294.02,1972673,283.35,294.37,282
05/19/2025,HON,Honeywell International Inc,224.94,3415205,221.61,225.1,220.62
05/19/2025,HSHIP,Himalaya Shipping Ltd,5.58,72737,5.59,5.63,5.51
05/19/2025,STLD,Steel Dynamics Inc,136.06,1297312,133.15,136.48,132.01
05/19/2025,TT,Trane Techologies plc,430.81,1003631,423.72,431.685,422.85
05/19/2025,WPM,Wheaton Precious Metals Corp,80.36,1384230,79.54,80.41,79
05/20/2025,ADD,Color Star Technology Co Ltd,0.9001,345281,0.907,0.9226,0.88
05/20/2025,AXON,Axon Enterprise Inc,742.75,383702,741.41,744.51,734.89
05/20/2025,CEG,Constellation Energy Corporation,292.4,1481307,292.56,293.03,289.67
05/20/2025,HON,Honeywell International Inc,225.06,3333884,223.26,225.26,223.26
05/20/2025,HSHIP,Himalaya Shipping Ltd,5.76,50836,5.64,5.8,5.64
05/20/2025,STLD,Steel Dynamics Inc,135.38,913658,136.04,136.06,134.565
05/20/2025,TT,Trane Techologies plc,429.8,1037521,429.1,431.42,427.57
05/20/2025,WPM,Wheaton Precious Metals Corp,82.98,1496181,79.93,83.09,79.93
05/21/2025,ADD,Color Star Technology Co Ltd,0.9,206661,0.8867,0.9166,0.8802
05/21/2025,AXON,Axon Enterprise Inc,735.38,570731,738,748.8,730.01
05/21/2025,CEG,Constellation Energy Corporation,287.11,2040947,288.27,292.2069,285.21
05/21/2025,HON,Honeywell International Inc,221.87,3611425,224.43,224.96,221.51
05/21/2025,HSHIP,Himalaya Shipping Ltd,5.56,66762,5.65,5.72,5.55
05/21/2025,STLD,Steel Dynamics Inc,132.21,1536367,133.76,135.58,132.17
05/21/2025,TT,Trane Techologies plc,424.86,1302872,425.39,433.595,424.44
05/21/2025,WPM,Wheaton Precious Metals Corp,85.27,2416183,83.6,85.58,83.6
05/22/2025,ADD,Color Star Technology Co Ltd,0.8827,140642,0.9,0.916,0.8827
05/22/2025,AXON,Axon Enterprise Inc,723.75,510375,734.07,735,722.03
05/22/2025,CEG,Constellation Energy Corporation,291.47,2390783,285.19,295.2,282.72
05/22/2025,HON,Honeywell International Inc,223.63,2915477,221.39,225.03,221.19
05/22/2025,HSHIP,Himalaya Shipping Ltd,5.59,55152,5.64,5.68,5.57
05/22/2025,STLD,Steel Dynamics Inc,129.89,1424474,131.68,131.78,129.5
05/22/2025,TT,Trane Techologies plc,424.26,954955,422.93,427.475,420.52
05/22/2025,WPM,Wheaton Precious Metals Corp,84.56,1255969,84.59,85.165,84.05
05/23/2025,ADD,Color Star Technology Co Ltd,0.9,219675,0.9125,0.914,0.8601
05/23/2025,AXON,Axon Enterprise Inc,731.37,422654,717.98,735.4259,714
05/23/2025,CEG,Constellation Energy Corporation,297.49,5373279,298.645,302.6,293.11
05/23/2025,HON,Honeywell International Inc,222.03,2537518,220.82,223,220.82
05/23/2025,HSHIP,Himalaya Shipping Ltd,5.59,51385,5.46,5.6,5.46
05/23/2025,STLD,Steel Dynamics Inc,125.32,3180825,127.69,129.12,124.45
05/23/2025,TT,Trane Techologies plc,423.29,1033881,419.8,426.3,418
05/23/2025,WPM,Wheaton Precious Metals Corp,86.62,1505297,86.21,87.12,85.4
05/27/2025,ADD,Color Star Technology Co Ltd,0.97,925203,0.91,1.02,0.8713
05/27/2025,AXON,Axon Enterprise Inc,746.08,477573,740.58,748.14,736.63
05/27/2025,CEG,Constellation Energy Corporation,309.06,3611518,303.86,310.26,296.2654
05/27/2025,HON,Honeywell International Inc,226.46,3091020,224.42,226.76,222.33
05/27/2025,HSHIP,Himalaya Shipping Ltd,5.71,108648,5.58,5.74,5.54
05/27/2025,STLD,Steel Dynamics Inc,128.74,2231550,126.39,128.79,125.19
05/27/2025,TT,Trane Techologies plc,436.27,1347904,426.93,436.61,426.51
05/27/2025,WPM,Wheaton Precious Metals Corp,85.52,1944925,84.875,86.45,84.46
05/28/2025,ADD,Color Star Technology Co Ltd,0.9201,185113,0.97,0.97,0.92
05/28/2025,AXON,Axon Enterprise Inc,751,524938,748.81,755.05,743.6277
05/28/2025,CEG,Constellation Energy Corporation,308.05,2512000,309.45,313.085,306.66
05/28/2025,HON,Honeywell International Inc,224.61,2582653,226.46,227.8876,224.18
05/28/2025,HSHIP,Himalaya Shipping Ltd,5.77,55769,5.7,5.82,5.68
05/28/2025,STLD,Steel Dynamics Inc,126.72,1215948,129,129.1,126.63
05/28/2025,TT,Trane Techologies plc,432.94,1027994,435.77,435.845,431.94
05/28/2025,WPM,Wheaton Precious Metals Corp,86.17,1253533,85.58,86.2,84.86
05/29/2025,ADD,Color Star Technology Co Ltd,0.995,2902044,0.928,0.995,0.9231
05/29/2025,AXON,Axon Enterprise Inc,730.29,536596,753.19,754.8083,729.16
05/29/2025,CEG,Constellation Energy Corporation,303.37,2712076,313.88,314.5,300.1
05/29/2025,HON,Honeywell International Inc,225.19,6740470,225.54,225.91,223.24
05/29/2025,HSHIP,Himalaya Shipping Ltd,5.87,77163,5.87,5.94,5.83
05/29/2025,STLD,Steel Dynamics Inc,125.15,1161641,127.31,127.31,123.48
05/29/2025,TT,Trane Techologies plc,432.29,859219,435.55,435.55,429.22
05/29/2025,WPM,Wheaton Precious Metals Corp,86.06,976324,86.55,86.865,85.59
05/30/2025,ADD,Color Star Technology Co Ltd,0.9977,609255,0.9095,0.998,0.88
05/30/2025,AXON,Axon Enterprise Inc,750.36,1121126,731.01,751.99,729.14
05/30/2025,CEG,Constellation Energy Corporation,306.15,3656129,301.44,306.5,299.26
05/30/2025,HON,Honeywell International Inc,226.67,8299561,226.65,227.02,223.765
05/30/2025,HSHIP,Himalaya Shipping Ltd,5.98,106821,5.92,6.12,5.9101
05/30/2025,STLD,Steel Dynamics Inc,123.07,2196537,124.57,124.82,121.41
05/30/2025,TT,Trane Techologies plc,430.27,2264908,432.71,433.04,428.04
05/30/2025,WPM,Wheaton Precious Metals Corp,86.75,1866104,85.89,87.03,85.695
06/13/2025,ADD,Color Star Technology Co Ltd,0.857,132374,0.83,0.8929,0.8069
06/13/2025,AXON,Axon Enterprise Inc,780.63,359099,771.81,786.7749,767.6
06/13/2025,CEG,Constellation Energy Corporation,296.89,1525901,297.36,299.95,294.09
06/13/2025,HON,Honeywell International Inc,224.29,2497074,224.9,226.13,223.5101
06/13/2025,HSHP,Himalaya Shipping Ltd,6.62,76098,6.61,6.65,6.535
06/13/2025,STLD,Steel Dynamics Inc,133.48,1258589,130.01,133.51,130.01
06/13/2025,TT,Trane Techologies plc,421.39,1230080,419.655,424.92,418.485
06/13/2025,WPM,Wheaton Precious Metals Corp,91.7,1955366,91.45,92.145,90.86
06/16/2025,ADD,Color Star Technology Co Ltd,0.8601,46279,0.85,0.872,0.85
06/16/2025,AXON,Axon Enterprise Inc,780.61,470995,786.37,797.5,779.28
06/16/2025,CEG,Constellation Energy Corporation,308.01,2592698,300,309.96,300
06/16/2025,HON,Honeywell International Inc,224.09,2438970,225.57,226.4,223.53
06/16/2025,HSHP,Himalaya Shipping Ltd,6.56,121313,6.61,6.66,6.54
06/16/2025,STLD,Steel Dynamics Inc,132.12,1228833,134.27,134.99,131.48
06/16/2025,TT,Trane Techologies plc,426.61,1393767,424.61,432.08,423.45
06/16/2025,WPM,Wheaton Precious Metals Corp,91.89,1644142,90.84,92.435,90.51
06/17/2025,ADD,Color Star Technology Co Ltd,0.8701,193356,0.8529,0.9168,0.8513
06/17/2025,AXON,Axon Enterprise Inc,777.54,445749,776.39,782.7514,770.201
06/17/2025,CEG,Constellation Energy Corporation,305.7,2158052,307.82,313.54,302.7
06/17/2025,HON,Honeywell International Inc,221.79,3105666,223.6,224.125,221.48
06/17/2025,HSHP,Himalaya Shipping Ltd,6.48,75990,6.48,6.53,6.435
06/17/2025,STLD,Steel Dynamics Inc,133.16,1098367,131.58,134.41,130.5501
06/17/2025,TT,Trane Techologies plc,421.95,1074515,422.5,425.85,421.34
06/17/2025,WPM,Wheaton Precious Metals Corp,91.25,1303544,92.67,92.67,90.41
06/18/2025,ADD,Color Star Technology Co Ltd,0.8903,50672,0.9029,0.9099,0.89
06/18/2025,AXON,Axon Enterprise Inc,770.79,482933,775.85,779.8899,761.9
06/18/2025,CEG,Constellation Energy Corporation,306.43,1451471,305,309.539,303.25
06/18/2025,HON,Honeywell International Inc,221.87,3598571,222.16,223.59,220.8884
06/18/2025,HSHP,Himalaya Shipping Ltd,6.64,429508,6.31,6.69,6.285
06/18/2025,STLD,Steel Dynamics Inc,130.11,1927330,131.3,134.16,129.72
06/18/2025,TT,Trane Techologies plc,419.86,1708537,422.22,425.65,419.41
06/18/2025,WPM,Wheaton Precious Metals Corp,91.07,988606,91.25,91.9,90.76
06/20/2025,ADD,Color Star Technology Co Ltd,0.89,57137,0.88,0.8999,0.875
06/20/2025,AXON,Axon Enterprise Inc,777.32,1182182,780.28,781,767.0803
06/20/2025,CEG,Constellation Energy Corporation,304.92,4194840,307.53,308.2,302.69
06/20/2025,HON,Honeywell International Inc,221.8,5875079,223.39,223.4,220.2
06/20/2025,HSHP,Himalaya Shipping Ltd,6.26,623551,6.31,6.48,6.23
06/20/2025,STLD,Steel Dynamics Inc,125.9,4349290,131.43,131.67,124.56
06/20/2025,TT,Trane Techologies plc,419.7,2199508,422,426.64,417.72
06/20/2025,WPM,Wheaton Precious Metals Corp,89.18,2400434,89.72,91.305,89.14
06/23/2025,ADD,Color Star Technology Co Ltd,0.998,1831062,0.8836,0.9999,0.87
06/23/2025,AXON,Axon Enterprise Inc,783.24,391501,773.48,791.38,767.3175
06/23/2025,CEG,Constellation Energy Corporation,315.21,2314517,306,315.79,304.69
06/23/2025,HON,Honeywell International Inc,224.74,2580125,223.32,225,221.735
06/23/2025,HSHP,Himalaya Shipping Ltd,6.18,183800,6.09,6.21,6.04
06/23/2025,STLD,Steel Dynamics Inc,127.43,1240564,125.65,127.7099,124.8
06/23/2025,TT,Trane Techologies plc,426.92,786397,420.75,427.27,418
06/23/2025,WPM,Wheaton Precious Metals Corp,90.17,1469995,89,91.67,88.87
06/24/2025,ADD,Color Star Technology Co Ltd,1.03,960511,0.975,1.04,0.9501
06/24/2025,AXON,Axon Enterprise Inc,794.25,743572,785,799.66,758.24
06/24/2025,CEG,Constellation Energy Corporation,320.66,2384956,317.94,324.31,316.85
06/24/2025,HON,Honeywell International Inc,224.6,3583919,225.59,226.11,223.65
06/24/2025,HSHP,Himalaya Shipping Ltd,6.15,140866,6.06,6.26,6.05
06/24/2025,STLD,Steel Dynamics Inc,128.22,971897,128.24,129.54,127.94
06/24/2025,TT,Trane Techologies plc,429.02,760190,428.11,430,426.25
06/24/2025,WPM,Wheaton Precious Metals Corp,88.57,2237093,87.7,88.94,86.21
06/25/2025,ADD,Color Star Technology Co Ltd,0.93,235684,0.9896,0.99,0.9201
06/25/2025,AXON,Axon Enterprise Inc,785.07,440465,800,801,780.66
06/25/2025,CEG,Constellation Energy Corporation,315.14,2263908,322.01,323.64,314.855
06/25/2025,HON,Honeywell International Inc,221.79,3004011,224.68,224.68,221.15
06/25/2025,HSHP,Himalaya Shipping Ltd,6.16,81386,6.18,6.23,6.13
06/25/2025,STLD,Steel Dynamics Inc,128.48,967886,128.32,129.1,127.22
06/25/2025,TT,Trane Techologies plc,427.53,742270,431.23,432.64,426.45
06/25/2025,WPM,Wheaton Precious Metals Corp,89.3,1405532,88.01,90.09,87.99
06/26/2025,ADD,Color Star Technology Co Ltd,0.8335,197072,0.93,0.9778,0.8072
06/26/2025,AXON,Axon Enterprise Inc,803.95,484379,791.81,805.48,791.81
06/26/2025,CEG,Constellation Energy Corporation,322.51,2192429,317,323.605,314.73
06/26/2025,HON,Honeywell International Inc,226.38,2629868,222.82,226.485,222.13
06/26/2025,HSHP,Himalaya Shipping Ltd,5.99,119778,6.13,6.14,5.955
06/26/2025,STLD,Steel Dynamics Inc,131.5,1251946,129.79,132.3,129
06/26/2025,TT,Trane Techologies plc,429.19,1135687,428.42,431.84,426.52
06/26/2025,WPM,Wheaton Precious Metals Corp,90.25,1727725,89.69,90.29,89.1
06/27/2025,ADD,Color Star Technology Co Ltd,0.91,498274,0.8504,0.995,0.7512
06/27/2025,AXON,Axon Enterprise Inc,818.6,1010936,804.85,820.83,802.2836
06/27/2025,CEG,Constellation Energy Corporation,320.17,3689663,327.905,328.44,317.8
06/27/2025,HON,Honeywell International Inc,228.85,4994527,226.17,228.96,225.7899
06/27/2025,HSHP,Himalaya Shipping Ltd,5.99,842137,5.98,6.12,5.94
06/27/2025,STLD,Steel Dynamics Inc,131.21,1876696,131.22,132.2083,130.45
06/27/2025,TT,Trane Techologies plc,432.29,3822730,432.25,437.41,428.96
06/27/2025,WPM,Wheaton Precious Metals Corp,87.33,2629218,87.87,88.16,86.565
06/30/2025,ADD,Color Star Technology Co Ltd,0.8626,72685,0.9016,0.93,0.8624
06/30/2025,AXON,Axon Enterprise Inc,827.94,530137,818.75,830.21,816.855
06/30/2025,CEG,Constellation Energy Corporation,322.76,1968039,324,324.7397,318.22
06/30/2025,HON,Honeywell International Inc,232.88,4061139,228.85,233.56,228.32
06/30/2025,HSHP,Himalaya Shipping Ltd,5.77,210995,5.9,5.9,5.77
06/30/2025,STLD,Steel Dynamics Inc,128.01,1288628,130.41,130.71,127.93
06/30/2025,TT,Trane Techologies plc,437.41,1254829,432.53,438.15,431.485
06/30/2025,WPM,Wheaton Precious Metals Corp,89.38,2045963,91.05,91.41,89.2701
07/14/2025,ADD,Color Star Technology Co Ltd,0.9501,126149,1.02,1.05,0.95
07/14/2025,AXON,Axon Enterprise Inc,750.26,538912,727.1,752.97,723.99
07/14/2025,CEG,Constellation Energy Corporation,325.99,2000133,322.08,326.55,313.885
07/14/2025,HON,Honeywell International Inc,238.06,2911405,236.5,238.78,234.63
07/14/2025,HSHP,Himalaya Shipping Ltd,6.73,36495,6.74,6.77,6.635
07/14/2025,STLD,Steel Dynamics Inc,133.22,755300,134.49,134.7,133.12
07/14/2025,TT,Trane Techologies plc,439.19,1172019,436.57,440.86,434.21
07/14/2025,WPM,Wheaton Precious Metals Corp,91.37,2234942,91.2,93.245,91.05
07/15/2025,ADD,Color Star Technology Co Ltd,0.95,118373,0.95,1.01,0.94
07/15/2025,AXON,Axon Enterprise Inc,745.87,373471,752.74,753.57,740.16
07/15/2025,CEG,Constellation Energy Corporation,317.99,2742440,327.58,327.99,314.2
07/15/2025,HON,Honeywell International Inc,235.3,2355252,237.19,237.6099,235.19
07/15/2025,HSHP,Himalaya Shipping Ltd,6.51,71704,6.71,6.71,6.5
07/15/2025,STLD,Steel Dynamics Inc,128.86,963085,133.71,133.71,128.69
07/15/2025,TT,Trane Techologies plc,436.36,820604,438.46,441.19,434.93
07/15/2025,WPM,Wheaton Precious Metals Corp,90.61,1714549,91.785,91.785,89.08
07/16/2025,ADD,Color Star Technology Co Ltd,0.938,55299,0.95,0.9776,0.9303
07/16/2025,AXON,Axon Enterprise Inc,742.77,516134,743.56,748.27,725.05
07/16/2025,CEG,Constellation Energy Corporation,308.2,2956751,318.63,322,301.37
07/16/2025,HON,Honeywell International Inc,236.88,2824650,235.46,237,233.01
07/16/2025,HSHP,Himalaya Shipping Ltd,6.68,125602,6.56,6.71,6.47
07/16/2025,STLD,Steel Dynamics Inc,127.47,1288914,129,129.31,126.17
07/16/2025,TT,Trane Techologies plc,436.98,587904,436.53,437.86,430.64
07/16/2025,WPM,Wheaton Precious Metals Corp,90.5,1698786,90.69,91.65,89.47
07/17/2025,ADD,Color Star Technology Co Ltd,0.941,45037,0.938,0.9796,0.938
07/17/2025,AXON,Axon Enterprise Inc,745.86,341234,744.8,753.25,739.79
07/17/2025,CEG,Constellation Energy Corporation,308.08,1984949,311.82,314.82,305.01
07/17/2025,HON,Honeywell International Inc,238.37,2506750,236.61,238.69,236.17
07/17/2025,HSHP,Himalaya Shipping Ltd,6.92,247987,6.82,7.0626,6.81
07/17/2025,STLD,Steel Dynamics Inc,131.15,1514988,127.21,131.32,127.21
07/17/2025,TT,Trane Techologies plc,450.06,1152020,437.17,450.26,437.17
07/17/2025,WPM,Wheaton Precious Metals Corp,89,1671359,89.215,89.75,88.43
07/18/2025,ADD,Color Star Technology Co Ltd,0.9021,160093,0.98,0.98,0.8752
07/18/2025,AXON,Axon Enterprise Inc,756.09,404325,747.83,757.9799,741.07
07/18/2025,CEG,Constellation Energy Corporation,321.42,3532937,311.78,327.01,310.92
07/18/2025,HON,Honeywell International Inc,236.54,3613970,239.72,239.72,235.24
07/18/2025,HSHP,Himalaya Shipping Ltd,6.79,129288,6.95,6.95,6.785
07/18/2025,STLD,Steel Dynamics Inc,131.63,928996,131.58,132.0886,130.535
07/18/2025,TT,Trane Techologies plc,447.33,1296594,450.07,451.87,446.305
07/18/2025,WPM,Wheaton Precious Metals Corp,88.32,1140937,89.77,89.79,87.96
07/21/2025,ADD,Color Star Technology Co Ltd,0.8945,100937,0.901,0.9275,0.8726
07/21/2025,AXON,Axon Enterprise Inc,751.55,377483,755.92,758.25,741.91
07/21/2025,CEG,Constellation Energy Corporation,317.88,1937555,324.42,325.64,316.65
07/21/2025,HON,Honeywell International Inc,235.22,2894201,236.54,238.349,235.18
07/21/2025,HSHP,Himalaya Shipping Ltd,6.85,187169,6.75,6.93,6.6743
07/21/2025,STLD,Steel Dynamics Inc,134.53,1639598,133.56,135.8,133
07/21/2025,TT,Trane Techologies plc,442.48,895057,448,448.06,442.48
07/21/2025,WPM,Wheaton Precious Metals Corp,91.41,1529026,89.72,92.17,89.7
07/22/2025,ADD,Color Star Technology Co Ltd,0.925,309149,0.8945,0.9786,0.89
07/22/2025,AXON,Axon Enterprise Inc,720.74,759573,749.01,749.01,720.18
07/22/2025,CEG,Constellation Energy Corporation,317.79,1780119,318,318.7424,311.395
07/22/2025,HON,Honeywell International Inc,236.58,3409052,235.14,237.07,234.33
07/22/2025,HSHP,Himalaya Shipping Ltd,7.23,144536,6.91,7.23,6.91
07/22/2025,STLD,Steel Dynamics Inc,132.24,2726693,128.08,134.66,127.602
07/22/2025,TT,Trane Techologies plc,447.68,1478906,441.45,448.33,434.59
07/22/2025,WPM,Wheaton Precious Metals Corp,95.72,3027641,92.35,96.4,92.235
07/23/2025,ADD,Color Star Technology Co Ltd,0.9204,170696,0.94,0.9615,0.9001
07/23/2025,AXON,Axon Enterprise Inc,705.22,1098487,725.8,728.95,694.72
07/23/2025,CEG,Constellation Energy Corporation,323.7,3821438,329.39,343.23,322.8
07/23/2025,HON,Honeywell International Inc,239.27,3829055,237.6,240.51,237.23
07/23/2025,HSHP,Himalaya Shipping Ltd,7.22,219931,7.09,7.225,7.05
07/23/2025,STLD,Steel Dynamics Inc,130.72,1216575,133.4,133.47,130.64
07/23/2025,TT,Trane Techologies plc,459.35,994893,451.35,461.255,450
07/23/2025,WPM,Wheaton Precious Metals Corp,94.95,1973982,95.54,96.8317,94.53
07/24/2025,ADD,Color Star Technology Co Ltd,0.9,113408,0.93,0.9449,0.875
07/24/2025,AXON,Axon Enterprise Inc,709.26,1105053,705.22,715.745,695.0001
07/24/2025,CEG,Constellation Energy Corporation,321.67,1818050,325.08,326.92,320.8958
07/24/2025,HON,Honeywell International Inc,224.48,11194270,226.12,230.59,223.8
07/24/2025,HSHP,Himalaya Shipping Ltd,7.29,167933,7.15,7.39,7.13
07/24/2025,STLD,Steel Dynamics Inc,126.83,1298790,129.61,130.02,126.47
07/24/2025,TT,Trane Techologies plc,461.73,977402,460.8,464.66,458.8331
07/24/2025,WPM,Wheaton Precious Metals Corp,94.01,1335417,94.43,95.06,92.54
07/25/2025,ADD,Color Star Technology Co Ltd,0.8804,90370,0.9,0.92,0.8801
07/25/2025,AXON,Axon Enterprise Inc,735.01,723678,711.39,742.23,709.82
07/25/2025,CEG,Constellation Energy Corporation,327.35,1383945,322.5,328.28,321.03
07/25/2025,HON,Honeywell International Inc,224.24,5969065,226.32,226.6,222.29
07/25/2025,HSHP,Himalaya Shipping Ltd,7.17,164110,7.07,7.18,6.99
07/25/2025,STLD,Steel Dynamics Inc,130.83,1033641,127.41,131.01,126.16
07/25/2025,TT,Trane Techologies plc,472.07,1195128,464.85,473.13,463.53
07/25/2025,WPM,Wheaton Precious Metals Corp,93.98,1553814,93.06,94.396,92.6207
07/28/2025,ADD,Color Star Technology Co Ltd,0.8849,546108,0.891,0.995,0.8751
07/28/2025,AXON,Axon Enterprise Inc,736.29,627694,740.36,747.3,722.07
07/28/2025,CEG,Constellation Energy Corporation,328.66,1701437,330.085,331.9999,322.5
07/28/2025,HON,Honeywell International Inc,225.08,4823085,225.125,227.75,224.72
07/28/2025,HSHP,Himalaya Shipping Ltd,7.02,149793,7.08,7.145,7
07/28/2025,STLD,Steel Dynamics Inc,130.225,1066047,130.31,131.405,129.555
07/28/2025,TT,Trane Techologies plc,472.54,1209871,473.79,476.185,469.415
07/28/2025,WPM,Wheaton Precious Metals Corp,91.73,1381279,93.31,93.33,91.38
07/29/2025,ADD,Color Star Technology Co Ltd,0.8573,932370,0.87,0.9216,0.8256
07/29/2025,AXON,Axon Enterprise Inc,728.74,383542,742.19,742.19,725.79
07/29/2025,CEG,Constellation Energy Corporation,330.52,2695980,332,339.24,328.7
07/29/2025,HON,Honeywell International Inc,221.72,3764531,225.69,226,221.24
07/29/2025,HSHP,Himalaya Shipping Ltd,6.83,121954,6.91,6.95,6.76
07/29/2025,STLD,Steel Dynamics Inc,127.515,1486706,129.58,129.8,126.45
07/29/2025,TT,Trane Techologies plc,470.98,2442348,469.37,472.53,463.98
07/29/2025,WPM,Wheaton Precious Metals Corp,93.38,1053724,91.94,93.39,91.1107
07/30/2025,ADD,Color Star Technology Co Ltd,0.8299,91204,0.8684,0.8684,0.82
07/30/2025,AXON,Axon Enterprise Inc,748.6,448258,728.74,749.8,725
07/30/2025,CEG,Constellation Energy Corporation,345.27,3026626,331.5,348.1345,331.5
07/30/2025,HON,Honeywell International Inc,222.16,4746076,222.39,224.39,221.22
07/30/2025,HSHP,Himalaya Shipping Ltd,6.78,79226,6.89,6.915,6.7201
07/30/2025,STLD,Steel Dynamics Inc,127.45,1251660,127.38,129.15,126.21
07/30/2025,TT,Trane Techologies plc,431.44,3364449,434.5,447.27,424.31
07/30/2025,WPM,Wheaton Precious Metals Corp,91,2024868,93.24,94.23,90.39
07/31/2025,ADD,Color Star Technology Co Ltd,0.7401,326068,0.8333,0.8398,0.7138
07/31/2025,AXON,Axon Enterprise Inc,755.49,513614,752.62,762.05,747.24
07/31/2025,CEG,Constellation Energy Corporation,347.84,3581050,349.48,354.01,344.275
07/31/2025,HON,Honeywell International Inc,222.35,3054755,221.56,223.73,221.3
07/31/2025,HSHP,Himalaya Shipping Ltd,6.82,117616,6.79,6.9016,6.76
07/31/2025,STLD,Steel Dynamics Inc,127.56,1367248,126.66,129.06,125.3
07/31/2025,TT,Trane Techologies plc,438.08,2245356,431.08,441.29,431.08
07/31/2025,WPM,Wheaton Precious Metals Corp,91.51,1225393,91.5,92.95,90.96
